True Values,Predictions,error,close,open,gap_open,day_of_week,week_of_year,month_of_year
8034.0,8036.125500000006,-2.125500000005559,8034.0,8026.5,11.050000000000182,1,24,6
11954.55,11967.914000000004,-13.364000000005035,11954.55,11967.3,51.19999999999891,4,47,11
8164.35,8157.826000000005,6.5239999999957945,8164.35,8153.15,14.799999999999272,1,49,12
10307.6,10341.767250000003,-34.16725000000224,10307.6,10332.7,103.25,3,48,11
18372.25,18435.782249999997,-63.532249999996566,18372.25,18439.9,157.15000000000146,2,42,10
21440.05,21431.947250000005,8.102749999994558,21440.05,21414.2,-63.04999999999927,3,3,1
11479.4,11481.616499999993,-2.216499999993175,11479.4,11463.65,-117.85000000000036,3,13,3
14218.45,14238.81674999997,-20.366749999970125,14218.45,14219.15,-179.5500000000011,3,16,4
8785.6,8789.572750000005,-3.972750000004453,8785.6,8796.35,-8.350000000000364,4,35,9
10076.6,10079.836250000028,-3.236250000027212,10076.6,10063.25,42.649999999999636,3,30,7
8578.9,8608.766,-29.865999999999985,8578.9,8623.9,21.600000000000364,0,30,7
16119.6,16105.39825000002,14.201749999980166,16119.6,16078.0,-288.89999999999964,2,10,3
8855.4,8805.038750000003,50.36124999999629,8855.4,8831.4,22.69999999999891,0,8,2
11324.7,11373.41300000001,-48.71300000000883,11324.7,11392.85,56.850000000000364,0,30,7
7419.6,7438.186749999996,-18.586749999995845,7419.6,7411.45,-1.3500000000003638,3,5,2
14833.85,14726.28400000001,107.5659999999898,14833.85,14768.55,-38.75,1,12,3
8254.5,8242.862500000007,11.637499999993452,8254.5,8240.3,-14.450000000000728,4,20,5
8869.9,8862.60949999999,7.29050000001007,8869.9,8873.35,11.600000000000364,3,38,9
22232.9,22228.825999999965,4.074000000036904,22232.9,22231.2,-75.54999999999927,2,19,5
8203.9,8189.64924999999,14.250750000009248,8203.9,8200.8,4.449999999998909,2,1,1
10331.6,10354.10225000001,-22.502250000010463,10331.6,10329.25,8.0,1,47,11
8048.1,7986.652000000017,61.44799999998304,8048.1,8009.55,-116.84999999999945,0,41,10
10254.3,10249.661750000017,4.638249999981781,10254.3,10271.3,41.5,4,10,3
10661.85,10677.038000000002,-15.18800000000192,10661.85,10688.7,230.25,2,42,10
14997.0,15008.748750000013,-11.748750000013388,14997.0,14977.95,14.800000000001091,4,9,3
14721.75,14724.15275000001,-2.402750000010201,14721.75,14712.45,147.5,2,12,3
11348.65,11373.109750000018,-24.459750000018175,11348.65,11378.55,84.25,1,37,9
8436.5,8437.146250000014,-0.6462500000143336,8436.5,8439.2,84.55000000000109,2,28,7
10955.95,10940.149000000007,15.80099999999402,10955.95,10944.25,189.39999999999964,4,51,12
19550.2,19542.812999999987,7.387000000013359,19550.2,19564.65,-13.0,1,36,9
14343.45,14286.624499999969,56.82550000003175,14343.45,14326.35,-4.899999999999636,4,16,4
11420.55,11460.265000000023,-39.71500000002379,11420.55,11464.95,93.35000000000036,0,38,9
10685.3,10708.210499999985,-22.910499999985404,10685.3,10732.35,80.60000000000036,0,27,7
9101.8,9270.023500000001,-168.22350000000188,9101.8,9285.4,320.10000000000036,1,12,3
24829.65,24839.0355,-9.38550000000032,24829.65,24845.4,13.55000000000291,4,34,8
11691.55,11636.36949999999,55.18050000000949,11691.55,11665.2,9.600000000000364,0,14,4
8924.0,8974.819750000006,-50.819750000006024,8924.0,8968.7,44.75,2,36,9
7719.15,7734.547750000005,-15.397750000005544,7719.15,7725.7,-104.0,1,40,9
14929.95,14975.882750000008,-45.93275000000722,14929.95,14946.55,237.29999999999927,2,11,3
7872.1,7872.836249999997,-0.7362499999962893,7872.1,7888.75,25.75,3,52,12
13521.9,13546.620000000004,-24.720000000004802,13521.9,13547.2,-17.299999999999272,1,51,12
8628.05,8656.363750000008,-28.31375000000844,8628.05,8653.15,28.649999999999636,1,44,11
9118.9,9086.0315,32.868500000000495,9118.9,9099.75,53.649999999999636,1,22,5
19642.25,19713.281250000036,-71.03125000003638,19642.25,19674.7,-86.45000000000073,3,46,11
12900.9,12864.656249999989,36.24375000001055,12900.9,12839.5,78.89999999999964,3,47,11
11528.5,11487.552999999998,40.947000000001935,11528.5,11487.8,-20.650000000001455,0,41,10
9356.7,9346.464749999996,10.23525000000518,9356.7,9339.65,-72.80000000000109,2,19,5
7602.55,7621.039250000006,-18.489250000005995,7602.55,7630.4,88.25,3,14,4
8092.9,8034.18275,58.717249999999694,8092.9,8024.15,-101.35000000000036,2,24,6
17809.4,17795.74850000003,13.651499999970838,17809.4,17750.3,-112.20000000000073,2,6,2
8880.0,8885.367,-5.367000000000189,8880.0,8890.75,-12.5,1,8,2
10382.25,10404.818249999993,-22.568249999992986,10382.25,10391.0,33.350000000000364,1,8,2
15825.2,15741.479749999962,83.7202500000385,15825.2,15754.5,-3.399999999999636,0,29,7
7509.6,7531.416749999979,-21.816749999979038,7509.6,7527.45,-44.650000000000546,0,2,1
8517.55,8522.016000000001,-4.466000000002168,8517.55,8515.75,-47.850000000000364,3,28,7
9864.9,9867.131000000001,-2.231000000001586,9864.9,9881.2,15.5,3,34,8
10920.65,10885.66749999999,34.98250000000917,10920.65,10899.65,11.049999999999272,2,3,1
12128.55,12118.550749999977,9.999250000022585,12128.55,12119.0,35.899999999999636,3,8,2
12326.35,12343.710250000004,-17.36025000000336,12326.35,12333.1,-26.94999999999891,1,3,1
18037.6,17939.44699999999,98.15300000000934,18037.6,17968.35,-79.70000000000073,3,44,11
21577.7,21716.320250000026,-138.6202500000254,21577.7,21664.3,-63.70000000000073,1,7,2
17725.4,17676.227500000034,49.17249999996784,17725.4,17706.2,-85.39999999999782,2,5,2
8785.0,8793.55375,-8.553749999999127,8785.0,8785.45,-10.649999999999636,0,6,2
12032.95,12062.859750000034,-29.909750000033455,12032.95,12067.65,66.60000000000036,1,49,12
13952.8,13952.05549999999,0.7445000000097934,13952.8,13910.35,-16.549999999999272,1,53,12
10337.6,10339.802500000013,-2.202500000012151,10337.6,10323.8,-95.65000000000146,2,27,7
11022.05,10977.033249999995,45.01675000000432,11022.05,10997.4,-86.14999999999964,1,4,1
22604.5,22613.16575000001,-8.66575000001103,22604.5,22620.4,170.20000000000073,4,17,4
18680.35,18640.213749999977,40.13625000002139,18680.35,18631.8,-86.85000000000218,1,24,6
14805.85,14705.096250000033,100.75374999996711,14805.85,14747.35,129.8000000000011,4,17,4
11354.7,11367.17875000001,-12.478750000009313,11354.7,11369.6,6.25,0,33,8
19813.35,19852.549249999982,-39.199249999983294,19813.35,19831.7,-138.25,3,29,7
11328.95,11375.45300000001,-46.503000000009706,11328.95,11372.25,43.79999999999927,1,30,7
8652.1,8649.403499999995,2.6965000000054715,8652.1,8639.2,16.600000000000364,2,33,8
15640.8,15700.854499999992,-60.05449999999291,15640.8,15629.65,61.600000000000364,1,22,6
11734.4,11749.785000000002,-15.385000000002037,11734.4,11738.55,61.19999999999891,2,9,2
12033.7,11990.224250000005,43.47574999999597,12033.7,12031.3,-58.45000000000073,4,50,12
8456.15,8484.037500000008,-27.887500000008004,8456.15,8468.05,-25.850000000000364,2,34,8
9067.45,9080.301999999998,-12.851999999997133,9067.45,9091.65,18.299999999999272,1,11,3
16013.5,15955.219000000034,58.2809999999663,16013.5,15977.0,209.85000000000036,4,19,5
17445.9,17457.222250000013,-11.32225000001199,17445.9,17423.1,-142.15000000000146,3,42,10
11835.1,11834.529750000003,0.5702499999970314,11835.1,11786.25,-195.04999999999927,1,6,2
17086.9,17052.861999999983,34.038000000018656,17086.9,17073.35,35.69999999999709,2,17,4
7498.7,7456.636750000012,42.06324999998742,7498.7,7488.15,-26.200000000000728,4,10,3
7959.15,7974.196500000012,-15.046500000012202,7959.15,7959.85,-31.599999999999454,4,24,6
18062.85,18091.11349999999,-28.263499999990017,18062.85,18089.8,-46.20000000000073,1,52,12
8642.55,8605.49125000002,37.05874999998014,8642.55,8633.75,49.04999999999927,1,30,7
10599.6,10718.514500000001,-118.91450000000077,10599.6,10706.2,-21.849999999998545,3,29,7
10242.3,10258.911750000003,-16.611750000003667,10242.3,10278.15,38.25,2,43,10
8140.9,8141.1720000000005,-0.272000000000844,8140.9,8153.55,65.55000000000018,4,48,12
25565.75,25515.35024999997,50.3997500000296,25565.75,25487.05,42.04999999999927,3,38,9
17002.3,17103.807250000005,-101.50725000000602,17002.3,17044.1,-136.40000000000146,1,49,12
8905.35,8907.871999999998,-2.521999999997206,8905.35,8913.05,-7.700000000000728,5,9,2
11726.85,11767.865500000004,-41.01550000000316,11726.85,11748.0,-97.29999999999927,4,21,5
17556.45,17514.131750000048,42.31824999995297,17556.45,17485.7,-77.54999999999927,3,35,9
10744.1,10740.5285,3.5715000000000146,10744.1,10734.65,-38.649999999999636,2,25,6
22125.5,22096.249750000046,29.250249999953667,22125.5,22090.2,-104.0,1,9,2
7435.8,7438.285000000008,-2.485000000007858,7435.8,7436.1,-96.39999999999964,2,10,3
10666.5,10701.935999999998,-35.435999999997875,10666.5,10699.6,-142.14999999999964,4,34,8
19485.15,19413.073250000027,72.07674999997471,19485.15,19422.8,98.14999999999782,4,27,7
14701.8,14717.250500000013,-15.450500000013562,14701.8,14737.0,36.20000000000073,1,14,4
9455.75,9526.335250000002,-70.5852500000019,9455.75,9478.5,-46.45000000000073,4,26,6
12221.65,12212.596999999992,9.05300000000716,12221.65,12202.15,12.449999999998909,2,1,1
17574.25,17533.78250000004,40.46749999995882,17574.25,17525.45,-82.09999999999854,2,34,8
9151.05,9143.75650000001,7.293499999988853,9151.05,9135.35,-82.35000000000036,0,17,4
11873.9,11933.976249999983,-60.0762499999837,11873.9,11910.1,99.25,4,24,6
10543.05,10512.267749999985,30.782250000014756,10543.05,10526.55,-50.150000000001455,0,9,2
11321.8,11312.638999999994,9.161000000005515,11321.8,11317.45,9.150000000001455,3,34,8
8300.7,8301.349499999993,-0.6494999999922584,8300.7,8307.25,19.5,2,3,1
10501.85,10468.249500000005,33.60049999999501,10501.85,10462.3,-94.90000000000146,4,44,11
11741.65,11716.62299999999,25.02700000000914,11741.65,11722.6,12.700000000000728,4,18,5
8678.1,8692.252999999997,-14.15299999999661,8678.1,8698.05,96.0,4,16,4
17896.3,17861.365000000005,34.934999999994034,17896.3,17867.55,-86.15000000000146,0,41,10
11559.0,11541.61499999999,17.385000000009313,11559.0,11539.4,20.149999999999636,3,38,9
14108.7,14044.430499999995,64.26950000000579,14108.7,14075.15,-124.14999999999964,1,1,1
10937.85,10942.916250000017,-5.066250000016225,10937.85,10938.2,200.70000000000073,4,5,2
7700.75,7678.918499999991,21.831500000009328,7700.75,7690.65,137.69999999999982,0,37,9
11266.65,11300.929750000018,-34.279750000017884,11266.65,11289.0,-21.75,2,33,8
22679.05,22635.356000000025,43.69399999997404,22679.05,22679.65,91.90000000000146,1,18,4
11976.45,11977.915000000023,-1.4650000000219734,11976.45,12028.25,20.200000000000728,1,8,2
8390.25,8404.508250000014,-14.258250000013504,8390.25,8390.95,-27.75,0,3,1
8635.55,8653.36700000001,-17.81700000001001,8635.55,8657.3,49.0,2,43,10
17809.35,17793.055000000008,16.294999999990978,17809.35,17810.55,13.399999999997817,3,40,10
8424.4,8428.024249999986,-3.624249999986205,8424.4,8418.4,-12.800000000001091,3,3,1
16521.5,16437.90049999997,83.59950000002937,16521.5,16481.65,-155.75,3,22,6
7781.5,7803.093999999994,-21.593999999993684,7781.5,7788.8,-55.94999999999982,3,47,11
8478.9,8490.320499999996,-11.420499999996537,8478.9,8503.6,67.95000000000073,4,44,11
22798.1,22751.45250000001,46.64749999998821,22798.1,22762.75,56.95000000000073,2,22,5
13694.45,13713.23750000003,-18.787500000029468,13694.45,13713.55,-21.30000000000109,3,51,12
8905.75,8909.328499999992,-3.5784999999923457,8905.75,8915.5,-32.95000000000073,3,36,9
10078.3,10064.933000000025,13.366999999974723,10078.3,10062.35,-23.049999999999272,4,37,9
11584.65,11590.124,-5.47400000000016,11584.65,11596.65,-64.39999999999964,1,29,7
21714.0,21708.027249999992,5.972750000008091,21714.0,21716.7,473.65000000000146,1,4,1
22129.9,22136.175249999957,-6.275249999955122,22129.9,22126.5,-97.29999999999927,1,20,5
9822.95,9789.033749999979,33.916250000022046,9822.95,9814.3,31.349999999998545,4,39,9
19434.1,19399.37375000001,34.726249999988795,19434.1,19433.45,93.40000000000146,2,35,8
7012.85,7064.540499999994,-51.690499999993335,7012.85,7029.85,46.45000000000073,3,8,2
7570.8,7563.301750000004,7.4982499999960055,7570.8,7587.2,76.55000000000018,1,2,1
10886.05,10913.288499999975,-27.23849999997583,10886.05,10930.9,-83.70000000000073,0,40,10
9903.95,9881.497750000004,22.45224999999664,9903.95,9899.25,-15.899999999999636,2,36,9
18091.1,18106.282000000007,-15.182000000007974,18091.1,18127.05,162.70000000000073,1,46,11
18087.45,18082.871749999962,4.578250000038679,18087.45,18115.6,88.29999999999927,4,3,1
8586.6,8588.375250000006,-1.7752500000060536,8586.6,8615.4,172.39999999999964,0,17,4
10249.55,10238.96350000002,10.586499999979424,10249.55,10274.6,154.70000000000073,2,14,4
8751.75,8766.097500000013,-14.347500000012587,8751.75,8769.75,44.149999999999636,1,11,3
8591.45,8576.80474999999,14.645250000010492,8591.45,8591.55,40.599999999998545,0,13,3
22331.05,22343.089000000025,-12.039000000026135,22331.05,22334.45,0.75,1,11,3
7448.3,7447.297250000006,1.0027499999941938,7448.3,7459.75,-42.44999999999982,2,11,3
15827.1,15865.432249999998,-38.33224999999766,15827.1,15867.95,-13.099999999998545,0,10,3
7851.9,7823.793000000009,28.106999999990876,7851.9,7830.45,-32.05000000000018,2,52,12
11913.3,11868.063499999984,45.23650000001544,11913.3,11879.2,-33.54999999999927,0,46,11
8238.9,8213.327249999986,25.57275000001391,8238.9,8232.35,4.5,1,44,10
20933.8,20909.73224999999,24.067750000009255,20933.8,20950.75,14.849999999998545,2,49,12
10905.1,10888.70899999999,16.391000000010536,10905.1,10910.4,-125.39999999999964,4,39,9
11244.2,11174.424249999996,69.77575000000434,11244.2,11213.7,133.10000000000036,1,31,7
14651.5,14615.435999999998,36.064000000002125,14651.5,14668.35,-64.85000000000036,3,18,5
24383.8,24405.572500000057,-21.772500000057335,24383.8,24371.45,21.150000000001455,2,44,10
11712.9,11757.425000000005,-44.52500000000509,11712.9,11748.75,9.649999999999636,1,18,4
14489.65,14444.544250000019,45.10574999998062,14489.65,14473.8,-100.95000000000073,1,2,1
8942.75,8949.18775,-6.437749999999141,8942.75,8943.7,47.25,0,9,2
11592.0,11645.777750000003,-53.777750000002925,11592.0,11646.15,71.75,4,43,10
17990.0,17987.049249999996,2.950750000003609,17990.0,18008.05,142.20000000000073,4,1,1
8381.75,8392.685999999989,-10.93599999998878,8381.75,8399.4,59.54999999999927,2,26,6
11734.75,11747.997500000009,-13.247500000008586,11734.75,11731.95,-11.799999999999272,1,35,8
10110.05,10094.652250000006,15.397749999992811,10110.05,10107.4,20.399999999999636,3,37,9
8150.3,8153.6925,-3.3924999999999272,8150.3,8177.0,58.30000000000018,3,44,10
11677.55,11681.197,-3.647000000000844,11677.55,11694.75,15.200000000000728,3,35,8
7022.2,7051.284249999986,-29.08424999998624,7022.2,7039.3,3.350000000000364,4,8,2
11020.65,11017.078749999991,3.571250000008149,11020.65,11023.5,90.89999999999964,4,6,2
11123.65,11120.184249999984,3.4657500000157597,11123.65,11109.0,-24.149999999999636,1,30,7
16957.95,17029.5775,-71.62749999999869,16957.95,17066.6,63.14999999999782,0,12,3
8943.85,8920.582500000002,23.26749999999811,8943.85,8929.4,-8.350000000000364,3,10,3
22718.25,22626.141250000008,92.10874999999214,22718.25,22677.4,158.0,4,15,4
23609.7,23568.875999999942,40.82400000005873,23609.7,23661.15,208.0,4,25,6
9911.65,9905.19725,6.452750000000378,9911.65,9908.15,-5.5,0,29,7
7958.15,7981.908500000008,-23.758500000008098,7958.15,7976.65,52.399999999999636,2,49,12
10583.5,10549.68499999999,33.815000000009604,10583.5,10552.0,31.600000000000364,1,45,11
18101.85,18150.17150000001,-48.32150000001275,18101.85,18131.7,-75.39999999999782,0,1,1
19326.25,19282.28975000001,43.96024999998917,19326.25,19301.75,20.25,4,33,8
17946.0,17908.51599999999,37.48400000001129,17946.0,17922.8,-134.0,1,3,1
9615.85,9639.662999999993,-23.812999999992826,9615.85,9643.25,67.10000000000036,4,25,6
17431.3,17512.584750000024,-81.28475000002436,17431.3,17524.4,21.75,3,49,12
8511.55,8482.642750000012,28.90724999998747,8511.55,8499.45,-98.04999999999927,2,4,1
22275.9,22228.49749999996,47.40250000004016,22275.9,22255.6,45.19999999999709,2,20,5
18362.45,18355.03450000001,7.41549999999188,18362.45,18368.35,-123.55000000000291,4,21,5
11011.85,10955.49174999998,56.358250000021144,11011.85,10994.85,1.75,0,38,9
10324.4,10310.089750000016,14.31024999998408,10324.4,10324.55,49.79999999999927,4,46,11
8827.75,8844.305250000003,-16.55525000000307,8827.75,8844.75,109.25,2,16,4
17826.8,17877.381250000013,-50.581250000013824,17826.8,17906.45,173.0,1,39,9
17189.45,17120.4755,68.97450000000026,17189.45,17166.45,192.60000000000218,2,11,3
24622.5,24573.635750000038,48.86424999996234,24622.5,24615.9,14.80000000000291,1,29,7
7798.75,7843.490750000006,-44.7407500000063,7798.75,7857.8,130.15000000000055,2,36,9
9306.0,9312.87650000002,-6.8765000000203145,9306.0,9311.45,0.7000000000007276,0,19,5
17963.1,17920.785000000003,42.31499999999505,17963.1,17966.55,239.59999999999854,4,33,8
10965.7,10962.605249999988,3.0947500000129367,10965.7,10982.7,132.25,2,40,10
19326.2,19282.84300000001,43.35699999998906,19326.2,19297.4,53.10000000000218,4,34,8
15684.9,15750.106249999977,-65.20624999997744,15684.9,15761.55,46.899999999999636,2,30,7
10909.05,10884.942749999982,24.107250000017302,10909.05,10920.85,30.75,3,3,1
24677.5,24579.228000000006,98.27199999999357,24677.5,24680.55,-101.35000000000218,2,34,8
10159.65,10115.018,44.63199999999961,10159.65,10119.0,-135.04999999999927,4,25,6
11266.05,11181.290499999985,84.75950000001467,11266.05,11218.6,-67.14999999999964,2,37,9
17227.3,17156.629000000015,70.6709999999839,17227.3,17183.45,-2.349999999998545,0,16,4
10315.0,10268.47900000001,46.520999999989726,10315.0,10301.6,-121.94999999999891,0,11,3
7639.5,7619.340749999999,20.15925000000061,7639.5,7619.2,-84.35000000000036,0,12,3
12278.3,12264.31125,13.988749999998618,12278.3,12269.25,57.25,1,52,12
17973.6,17961.981499999983,11.618500000015047,17973.6,17970.9,81.75,1,44,11
15807.9,15772.875499999967,35.024500000032276,15807.9,15796.45,-8.649999999999636,4,23,6
12185.75,12204.269499999988,-18.5194999999876,12185.75,12197.0,-30.450000000000728,2,51,12
11854.45,11866.409999999974,-11.959999999973661,11854.45,11839.9,-24.649999999999636,0,27,7
10725.6,10736.102000000003,-10.502000000002226,10725.6,10731.25,-39.100000000000364,0,47,11
11382.15,11368.826500000008,13.323499999991327,11382.15,11382.5,35.70000000000073,3,11,3
11477.8,11471.479500000009,6.320499999990716,11477.8,11493.25,22.149999999999636,3,32,8
8588.0,8575.726499999999,12.27350000000115,8588.0,8594.0,7.549999999999272,4,41,10
16539.5,16549.97125,-10.47124999999869,16539.5,16561.4,-54.349999999998545,1,34,8
8199.05,8199.59875,-0.5487499999999272,8199.05,8202.25,-67.20000000000073,3,25,6
11100.85,11104.387249999994,-3.5372499999939464,11100.85,11106.55,-9.0,1,35,8
17660.55,17574.117500000004,86.43249999999534,17660.55,17609.65,-26.299999999999272,3,38,9
7902.6,7899.540750000003,3.059249999997519,7902.6,7894.8,29.949999999999818,0,17,4
10291.75,10259.735250000009,32.01474999999118,10291.75,10287.2,-9.849999999998545,0,47,11
18150.8,18164.947500000024,-14.147500000024593,18150.8,18170.4,-27.19999999999709,2,2,1
17959.05,17909.352749999984,49.69725000001563,17959.05,17915.8,-89.54999999999927,1,41,10
10501.65,10503.305750000007,-1.655750000007174,10501.65,10512.3,-13.300000000001091,1,52,12
9810.0,9843.137500000013,-33.13750000001346,9810.0,9825.85,-74.79999999999927,2,33,8
8652.05,8654.107000000009,-2.0570000000097934,8652.05,8643.95,57.150000000001455,3,30,7
10183.05,10140.014249999998,43.03575000000092,10183.05,10167.5,60.850000000000364,3,12,3
10999.0,11012.389249999993,-13.389249999992899,10999.0,11018.95,78.25,0,29,7
8557.95,8573.114499999998,-15.164499999997133,8557.95,8568.9,51.899999999999636,2,13,3
7569.4,7554.734499999987,14.665500000012798,7569.4,7557.4,67.79999999999927,3,11,3
16313.8,16270.35699999997,43.443000000028405,16313.8,16248.9,41.149999999999636,1,19,5
11406.3,11404.574000000008,1.7259999999914726,11406.3,11409.65,31.25,4,34,8
16157.9,16230.604999999983,-72.70499999998356,16157.9,16227.7,-80.69999999999891,0,19,5
10385.25,10395.93874999999,-10.68874999999025,10385.25,10387.9,24.100000000000364,1,48,11
18571.3,18534.02000000006,37.27999999994063,18571.3,18570.85,-43.55000000000291,3,49,12
18169.6,18092.37849999998,77.22150000001784,18169.6,18117.3,47.349999999998545,4,18,5
11661.9,11680.231749999995,-18.331749999995736,11661.9,11675.6,74.75,3,29,7
17783.1,17738.936499999996,44.16350000000239,17783.1,17796.8,246.70000000000073,4,37,9
21715.5,21739.633500000007,-24.13350000000719,21715.5,21780.65,90.35000000000218,3,5,2
18623.2,18534.907750000057,88.29224999994403,18623.2,18552.45,-51.14999999999782,1,48,11
14185.85,14226.541500000003,-40.691500000002634,14185.85,14237.95,273.7000000000007,2,4,1
10442.25,10406.444000000009,35.8059999999914,10442.25,10431.75,-4.049999999999272,0,45,11
15502.5,15465.858000000002,36.641999999998006,15502.5,15520.35,-69.64999999999964,2,22,6
22641.75,22586.023500000014,55.72649999998612,22641.75,22617.45,60.35000000000218,3,22,5
7994.2,7989.3747500000045,4.825249999995322,7994.2,8006.5,-103.64999999999964,4,47,11
21664.55,21694.37325000004,-29.8232500000413,21664.55,21653.6,101.64999999999782,1,2,1
11665.7,11685.0625,-19.362499999999272,11665.7,11670.75,-15.5,2,29,7
22328.05,22373.751000000015,-45.70100000001548,22328.05,22339.05,61.599999999998545,0,16,4
17854.3,17797.24300000001,57.056999999989785,17854.3,17842.75,43.45000000000073,2,14,4
11913.5,11919.269999999997,-5.769999999996799,11913.5,11919.45,-36.19999999999891,1,47,11
14680.8,14721.617000000013,-40.81700000001365,14680.8,14702.5,-81.64999999999964,0,9,3
17414.5,17500.255500000036,-85.75550000003568,17414.5,17468.15,-3.4499999999970896,2,13,3
8380.05,8393.841250000003,-13.791250000003856,8380.05,8396.0,47.95000000000073,4,13,3
12161.2,12187.98599999998,-26.78599999998005,12161.2,12153.15,-61.30000000000109,3,2,1
8546.6,8452.188750000005,94.41124999999556,8546.6,8478.1,-100.75,1,7,2
9424.25,9499.231500000016,-74.98150000001624,9424.25,9587.8,387.75,0,12,3
8611.05,8600.851500000017,10.198499999982232,8611.05,8628.35,-10.949999999998909,1,34,8
12251.25,12256.038749999992,-4.788749999992433,12251.25,12261.1,38.899999999999636,4,1,1
17191.45,17299.00349999997,-107.55349999996906,17191.45,17289.0,111.04999999999927,4,12,3
9048.45,9095.401750000008,-46.95175000000745,9048.45,9082.2,-235.1999999999989,2,22,5
17614.1,17730.72225000002,-116.62225000002218,17614.1,17731.45,48.900000000001455,1,5,1
11666.95,11638.319499999989,28.630500000012034,11666.95,11667.0,-20.649999999999636,0,16,4
15208.65,15274.943500000016,-66.29350000001614,15208.65,15272.65,-58.100000000000364,4,24,6
25217.1,25251.55100000003,-34.451000000030035,25217.1,25250.5,105.70000000000073,3,36,9
17526.85,17552.020999999993,-25.17099999999482,17526.85,17566.1,42.349999999998545,2,32,8
19789.2,19782.236249999987,6.963750000013533,19789.2,19784.0,-26.599999999998545,2,47,11
10480.4,10487.678500000002,-7.278500000002168,10480.4,10488.95,1.0,2,9,2
24449.3,24427.142500000045,22.15749999995387,24449.3,24444.95,3.0499999999992724,2,30,7
7691.45,7714.315000000011,-22.865000000011605,7691.45,7717.65,-16.600000000000364,4,18,5
7859.3,7914.357750000005,-55.05775000000449,7859.3,7908.1,0.3000000000001819,0,16,4
8736.65,8758.947749999978,-22.297749999977896,8736.65,8739.0,-38.79999999999927,3,7,2
17890.0,17896.05499999999,-6.054999999989377,17890.0,17913.3,-92.15000000000146,0,2,1
17560.2,17539.215499999984,20.98450000001685,17560.2,17568.15,49.30000000000291,2,42,10
17309.8,17388.93200000002,-79.13200000001962,17309.8,17363.55,12.849999999998545,0,37,9
8447.0,8472.299250000004,-25.299250000003667,8447.0,8470.6,28.200000000000728,1,29,7
10236.95,10202.920250000012,34.02974999998878,10236.95,10207.4,-25.649999999999636,0,42,10
10506.9,10504.026999999985,2.8730000000141445,10506.9,10498.2,31.200000000000728,3,52,12
10527.55,10493.34949999998,34.20050000001902,10527.55,10523.35,46.05000000000109,0,50,12
15907.95,16003.022750000022,-95.07275000002119,15907.95,16021.1,194.64999999999964,3,19,5
8582.45,8579.907250000007,2.542749999993248,8582.45,8581.5,-39.45000000000073,4,39,9
13465.4,13501.711749999999,-36.31174999999894,13465.4,13458.1,-74.44999999999891,2,50,12
8308.55,8303.552499999996,4.997500000003129,8308.55,8308.25,11.399999999999636,4,43,10
10863.5,10828.419750000003,35.08024999999725,10863.5,10812.6,8.550000000001091,1,20,5
8256.1,8255.618000000011,0.48199999998905696,8256.1,8262.55,-9.0,0,43,10
8621.2,8575.126250000007,46.07374999999411,8621.2,8600.2,-79.09999999999854,4,31,8
17991.15,17950.722749999983,40.42725000001883,17991.15,17974.85,32.25,4,7,2
17336.85,17379.571750000014,-42.72175000001516,17336.85,17375.75,5.049999999999272,2,36,9
16780.35,16674.133,106.21699999999691,16780.35,16761.65,178.0500000000029,4,22,6
22409.45,22384.990000000023,24.4599999999773,22409.45,22421.55,9.349999999998545,2,17,4
18854.65,18881.91974999999,-27.269749999988562,18854.65,18873.3,119.09999999999854,0,25,6
25055.45,25039.326749999986,16.123250000015105,25055.45,25065.8,46.25,2,41,10
12104.3,12097.552749999983,6.74725000001672,12104.3,12131.35,70.85000000000036,0,51,12
7440.9,7459.897500000001,-18.99750000000131,7440.9,7425.3,74.15000000000055,0,3,1
10358.5,10389.995500000006,-31.49550000000636,10358.5,10390.3,98.5,1,41,10
18174.05,18243.54874999998,-69.49874999998065,18174.05,18246.4,88.45000000000073,0,47,11
7851.0,7839.985499999994,11.014500000005683,7851.0,7837.15,-55.400000000000546,3,48,11
8413.0,8442.533500000001,-29.533500000001368,8413.0,8413.2,-15.849999999998545,3,31,7
9686.75,9686.967750000009,-0.21775000000889122,9686.75,9704.25,67.35000000000036,1,23,6
10158.45,10138.222749999988,20.227250000012646,10158.45,10139.6,16.0,3,38,9
8481.75,8452.675999999989,29.074000000011438,8481.75,8474.95,92.65000000000146,3,13,3
8387.3,8397.098000000005,-9.798000000006141,8387.3,8391.7,-109.64999999999964,0,14,3
12136.65,12130.478249999986,6.171750000014072,12136.65,12114.9,-17.100000000000364,2,5,1
10380.4,10389.693749999997,-9.29374999999709,10380.4,10376.65,26.0,2,48,11
8356.15,8337.80624999999,18.343750000009095,8356.15,8336.25,-78.79999999999927,3,26,6
17020.75,17069.555500000002,-48.80550000000221,17020.75,17076.2,143.60000000000218,4,12,3
9977.5,9995.240999999976,-17.74099999997634,9977.5,10010.55,45.75,1,30,7
10521.55,10556.123000000005,-34.57300000000578,10521.55,10557.3,9.75,1,16,4
8226.2,8219.80749999999,6.392500000010841,8226.2,8228.75,23.299999999999272,0,23,6
10384.05,10412.626500000008,-28.57650000000831,10384.05,10426.0,30.850000000000364,2,8,2
11010.25,10942.989250000011,67.26074999998855,11010.25,10965.1,-103.35000000000036,2,6,2
11074.5,11035.450749999985,39.04925000001458,11074.5,11060.2,68.90000000000146,3,31,8
25850.0,25884.787000000026,-34.78700000002573,25850.0,25788.45,-24.099999999998545,1,40,10
8790.75,8792.271499999993,-1.5214999999934662,8790.75,8790.8,175.14999999999964,3,39,9
16005.4,16001.61000000003,3.7899999999699503,16005.4,16018.85,70.89999999999964,3,28,7
8756.9,8790.216749999998,-33.31674999999814,8756.9,8779.0,84.35000000000036,3,9,2
17808.9,17812.97150000003,-4.071500000027299,17808.9,17807.3,-20.850000000002183,3,15,4
10082.15,10081.900500000005,0.24949999999444117,10082.15,10051.55,-86.65000000000146,1,12,3
10764.4,10748.253749999996,16.14625000000342,10764.4,10775.6,98.0,3,20,5
18252.3,18255.212999999956,-2.91299999995681,18252.3,18259.1,142.04999999999927,4,52,12
15943.55,15882.521500000037,61.02849999996215,15943.55,15917.4,88.94999999999891,3,20,5
25130.5,25148.111000000037,-17.611000000037166,25130.5,25181.9,132.8000000000029,4,40,10
8846.75,8869.164249999987,-22.414249999987078,8846.75,8883.7,66.75,4,7,2
22313.15,22292.898249999987,20.251750000014,22313.15,22319.2,-73.14999999999782,3,20,5
17125.6,17190.22975000001,-64.62975000001097,17125.6,17189.5,-41.849999999998545,3,17,4
8932.65,8905.019499999993,27.630500000006577,8932.65,8915.1,-47.5,0,10,3
17915.25,17882.272499999995,32.97750000000451,17915.25,17890.85,-40.75,0,37,9
19820.9,19833.303999999982,-12.403999999980442,19820.9,19840.55,91.70000000000073,3,38,9
10971.3,10975.337499999989,-4.03749999998945,10971.3,11011.0,189.64999999999964,3,39,9
18676.9,18729.422999999995,-52.52299999999377,18676.9,18741.85,73.29999999999927,4,25,6
8535.05,8529.25025,5.799750000000131,8535.05,8519.95,-110.44999999999891,0,30,7
23132.95,23329.865500000036,-196.91550000003554,23132.95,23337.9,31.950000000000728,0,23,6
16549.8,16587.205749999986,-37.405749999987165,16549.8,16592.25,103.95000000000073,0,34,8
10915.0,10887.97449999999,27.025500000010652,10915.0,10919.35,-30.049999999999272,0,4,1
8809.75,8782.29924999999,27.450750000010885,8809.75,8780.85,0.050000000001091394,4,37,9
17472.0,17550.423000000017,-78.42300000001705,17472.0,17575.15,462.7000000000007,0,4,1
12096.9,12184.818249999988,-87.91824999998789,12096.9,12170.6,182.5,0,2,1
19523.75,19560.99524999999,-37.24524999998903,19523.75,19578.8,-52.150000000001455,2,32,8
12006.7,11984.647250000015,22.05274999998619,12006.7,12005.85,-86.10000000000036,2,6,2
19602.45,19574.831499999975,27.61850000002596,19602.45,19627.2,56.400000000001455,1,32,8
17184.2,17128.940000000017,55.25999999998385,17184.2,17160.55,91.89999999999782,1,11,3
9180.15,9202.910750000014,-22.760750000014013,9180.15,9202.5,55.20000000000073,3,15,4
24262.5,24323.944750000035,-61.44475000003513,24262.5,24328.85,-125.15000000000146,1,44,10
12088.9,12106.02549999998,-17.125499999980093,12088.9,12131.8,81.64999999999964,0,8,2
17392.3,17390.386000000035,1.9139999999642896,17392.3,17408.45,115.40000000000146,2,7,2
22921.5,22779.92199999997,141.57800000003044,22921.5,22821.85,-448.2000000000007,4,23,6
17579.5,17565.172749999972,14.327250000027561,17579.5,17584.85,64.89999999999782,1,15,4
15668.7,15697.549000000006,-28.849000000005617,15668.7,15674.25,-67.70000000000073,1,24,6
23399.65,23330.479500000034,69.17049999996743,23399.65,23319.15,84.70000000000073,0,24,6
24926.85,24871.447,55.40299999999843,24926.85,24886.7,-92.59999999999854,2,31,7
10602.75,10568.277000000011,34.47299999998904,10602.75,10578.1,-42.25,1,17,4
7640.8,7653.367999999995,-12.567999999994754,7640.8,7659.4,-33.20000000000073,1,51,12
21028.2,21060.43924999995,-32.23924999994779,21028.2,21033.95,-249.04999999999927,3,51,12
8853.3,8843.141000000016,10.15899999998328,8853.3,8856.85,114.05000000000109,0,9,2
12802.75,12814.303250000006,-11.553250000006301,12802.75,12823.35,55.80000000000109,5,46,11
8428.45,8435.674500000014,-7.224500000012995,8428.45,8434.5,15.450000000000728,3,21,5
9912.7,9900.799750000007,11.90024999999332,9912.7,9919.35,101.30000000000109,0,25,6
8305.75,8270.900250000017,34.84974999998303,8305.75,8284.95,-91.25,0,21,5
21654.65,21660.521000000015,-5.871000000013737,21654.65,21615.2,-23.0,4,3,1
19434.6,19399.804749999978,34.79525000002104,19434.6,19449.6,13.149999999997817,2,45,11
17822.1,17843.282000000036,-21.18200000003708,17822.1,17820.1,-87.60000000000218,2,1,1
8741.55,8746.312749999985,-4.762749999985317,8741.55,8745.85,-16.350000000000364,3,4,1
15712.6,15706.088499999982,6.511500000018714,15712.6,15712.5,41.850000000000364,4,22,6
14727.6,14788.516750000032,-60.91675000003124,14727.6,14811.85,118.80000000000109,2,13,3
11653.05,11641.315500000002,11.734499999996842,11653.05,11633.3,-37.400000000001455,3,44,10
8283.55,8261.27950000001,22.270499999989624,8283.55,8262.7,-27.599999999998545,1,2,1
10184.3,10197.820750000012,-13.520750000012413,10184.3,10215.35,121.39999999999964,0,12,3
26230.6,25936.318750000042,294.28124999995634,26230.6,26248.25,73.25,4,39,9
11517.1,11478.301750000017,38.798249999983454,11517.1,11469.85,-110.14999999999964,3,39,9
8205.1,8177.087249999988,28.012750000012602,8205.1,8209.85,49.30000000000018,1,22,5
7964.25,7974.887250000023,-10.637250000023414,7964.25,7974.45,-103.5,3,21,5
19565.35,19564.605750000017,0.7442499999815482,19565.35,19581.2,-57.0,4,39,9
9408.75,9445.715999999993,-36.96599999999307,9408.75,9445.05,65.64999999999964,1,21,5
11504.5,11557.337999999994,-52.83799999999428,11504.5,11558.25,-27.799999999999272,4,36,9
17559.55,17522.601500000037,36.94849999996222,17559.55,17539.2,-88.34999999999854,3,37,9
21546.15,21467.549750000042,78.60024999995949,21546.15,21433.1,-311.7000000000007,0,5,1
7023.0,7076.73199999999,-53.73199999998997,7023.0,7050.45,51.899999999999636,0,9,2
15266.3,15284.146000000022,-17.846000000023196,15266.3,15279.9,83.64999999999964,2,7,2
10621.45,10636.00225000002,-14.55225000001883,10621.45,10637.05,-13.350000000000364,3,2,1
16824.6,16865.368,-40.76800000000003,16824.6,16854.75,185.54999999999927,3,18,5
11217.3,11247.571999999984,-30.271999999984473,11217.3,11248.9,-10.75,0,34,8
10363.1,10366.285999999984,-3.1859999999833235,10363.1,10361.05,-43.600000000000364,0,48,11
24755.65,24871.616000000024,-115.96600000002218,24755.65,24823.4,-118.84999999999854,0,37,9
12200.85,12211.336749999995,-10.486749999994572,12200.85,12218.35,110.20000000000073,2,4,1
8600.65,8569.21625,31.433750000000146,8600.65,8601.5,69.60000000000036,1,30,7
10158.05,10174.615499999987,-16.56549999998788,10158.05,10152.9,-78.55000000000109,3,46,11
11577.5,11592.371749999998,-14.871749999998428,11577.5,11596.2,-18.299999999999272,2,43,10
8270.4,8245.081750000005,25.318249999994805,8270.4,8281.3,27.69999999999891,1,43,10
7499.5,7459.233500000005,40.266499999995176,7499.5,7486.4,4.399999999999636,1,10,3
22339.6,22276.524749999993,63.075250000005326,22339.6,22316.9,-242.34999999999854,3,17,4
9875.35,9863.04050000001,12.309499999990294,9875.35,9876.7,-0.1499999999996362,2,25,6
7742.6,7726.104000000012,16.49599999998827,7742.6,7727.65,-20.5,3,13,3
11528.8,11522.944999999983,5.855000000015934,11528.8,11515.4,148.04999999999927,1,40,10
9971.9,9963.648499999994,8.251500000005763,9971.9,9968.8,-18.0,4,12,3
10789.15,10782.966250000012,6.183749999987413,10789.15,10808.45,66.5,3,25,6
7902.2,7908.11525,-5.9152500000000146,7902.2,7897.65,-42.100000000000364,3,53,12
24186.05,24193.19000000003,-7.14000000003216,24186.05,24213.35,-103.40000000000146,4,27,7
25939.15,25906.974750000016,32.17524999998568,25939.15,25899.45,-114.04999999999927,2,39,9
11400.55,11402.296249999998,-1.7462499999983265,11400.55,11397.15,5.949999999998909,3,33,8
14827.75,14751.952000000023,75.79799999997704,14827.75,14789.7,-55.79999999999927,1,19,5
10471.65,10502.766749999992,-31.116749999991953,10471.65,10494.4,51.19999999999891,2,51,12
7909.8,7910.229250000007,-0.4292500000065047,7909.8,7901.15,35.649999999999636,3,49,12
12007.15,11980.784000000012,26.365999999987253,12007.15,12021.1,5.0,3,45,11
11639.1,11583.643250000001,55.456749999999374,11639.1,11590.7,2.400000000001455,1,39,9
12099.65,12072.020500000024,27.62949999997545,12099.65,12068.5,-43.70000000000073,2,48,11
9864.65,9866.928000000004,-2.2780000000038854,9864.65,9884.35,-40.149999999999636,2,40,10
10257.5,10315.85150000001,-58.351500000009764,10257.5,10321.15,27.399999999999636,2,43,10
8985.6,9052.493249999998,-66.89324999999735,8985.6,9088.45,549.1500000000015,2,12,3
17513.65,17533.427250000026,-19.77725000002465,17513.65,17529.45,-75.20000000000073,1,5,2
15966.85,15883.887500000012,82.96249999998872,15966.85,15912.6,-370.0,1,20,5
7441.75,7448.995749999999,-7.245749999999134,7441.75,7426.5,-0.1000000000003638,3,4,1
10594.15,10609.389750000017,-15.239750000017011,10594.15,10603.45,-84.39999999999964,2,23,6
7533.3,7534.155499999978,-0.8554999999778374,7533.3,7542.05,-16.25,4,14,4
11434.15,11406.547749999992,27.60225000000719,11434.15,11412.0,-60.899999999999636,0,35,8
15717.4,15698.693749999968,18.706250000032014,15717.4,15701.7,-81.64999999999964,2,26,6
8554.45,8546.217999999997,8.232000000003609,8554.45,8546.8,24.299999999999272,3,45,11
21898.75,21928.958,-30.20799999999872,21898.75,21932.2,-148.59999999999854,4,12,3
8712.4,8683.754750000002,28.64524999999776,8712.4,8696.85,30.850000000000364,4,6,2
15576.8,15470.918750000004,105.8812499999949,15576.8,15525.85,-222.75,0,25,6
8957.3,8941.948250000001,15.351749999997992,8957.3,8953.7,16.850000000000364,4,10,3
8300.8,8271.648750000006,29.151249999993524,8300.8,8283.0,34.79999999999927,4,1,1
8283.35,8274.497250000011,8.8527499999891,8283.35,8302.75,-34.350000000000364,2,22,5
9099.4,9077.31750000001,22.082499999989523,9099.4,9104.0,3.600000000000364,4,12,3
12205.1,12202.539499999995,2.5605000000050495,12205.1,12211.85,80.95000000000073,3,52,12
10719.95,10705.751249999983,14.198750000017753,10719.95,10740.1,92.55000000000109,1,47,11
22006.45,22085.577250000046,-79.12725000004502,22006.45,22081.55,-135.35000000000218,3,8,2
24265.05,24249.35125000006,15.698749999937718,24265.05,24289.4,-25.849999999998545,2,32,8
25104.7,25125.959749999995,-21.2597499999938,25104.7,25089.95,-116.39999999999782,2,36,9
17722.5,17683.763250000007,38.73674999999275,17722.5,17695.7,44.10000000000218,1,36,9
17462.35,17433.804000000055,28.545999999943888,17462.35,17387.15,-248.1999999999971,0,1,1
20976.0,20892.522249999973,83.4777500000273,20976.0,20965.3,-27.5,0,50,12
19570.75,19578.81249999999,-8.062499999989086,19570.75,19612.15,-106.94999999999709,0,29,7
10064.6,10083.801000000014,-19.201000000013664,10064.6,10094.1,183.95000000000073,3,24,6
17803.6,17850.533750000028,-46.93375000002925,17803.6,17867.5,-83.0,4,2,1
10540.85,10544.11149999998,-3.261499999980515,10540.85,10534.25,-27.100000000000364,4,1,1
10400.8,10277.750250000005,123.04974999999467,10400.8,10295.15,-225.20000000000073,1,6,2
22716.9,22735.29525,-18.39524999999776,22716.9,22720.25,-14.799999999999272,2,15,4
11923.2,11927.980749999997,-4.78074999999626,11923.2,11950.5,89.25,1,50,12
8262.55,8254.36300000001,8.186999999988984,8262.55,8271.7,16.350000000000364,4,49,12
17416.1,17471.330500000036,-55.230500000037864,17416.1,17451.0,105.45000000000073,4,6,2
8851.75,8806.159000000003,45.59099999999671,8851.75,8827.95,4.400000000001455,4,4,1
8476.6,8411.750750000008,64.84924999999203,8476.6,8451.0,-202.5,3,13,3
8154.7,8169.942000000015,-15.242000000014741,8154.7,8172.15,-42.45000000000073,2,48,11
11462.75,11475.687750000017,-12.937750000017331,11462.75,11466.3,-116.0,3,42,10
10417.7,10427.609250000016,-9.909250000015163,10417.7,10408.1,-84.44999999999891,4,8,2
8737.95,8750.74424999999,-12.794249999989916,8737.95,8729.5,-121.14999999999964,4,9,2
8758.25,8764.102500000008,-5.852500000008149,8758.25,8768.7,56.30000000000109,3,40,10
18246.3,18250.17424999997,-3.874249999971653,18246.3,18257.0,-1.5499999999992724,3,2,1
8572.0,8551.730999999992,20.26900000000751,8572.0,8564.05,66.69999999999891,0,29,7
21851.2,21872.76225000003,-21.562250000028143,21851.2,21861.5,-288.2000000000007,4,16,4
14669.05,14701.852750000013,-32.802750000013475,14669.05,14687.25,180.39999999999964,1,18,5
17383.3,17418.14350000001,-34.84350000000995,17383.3,17417.3,-129.70000000000073,3,47,11
8716.75,8749.218249999998,-32.46824999999808,8716.75,8742.9,62.0,2,12,3
17415.6,17407.889500000045,7.710499999953754,17415.6,17387.65,-130.64999999999782,2,37,9
17365.35,17388.38475000003,-23.034750000031636,17365.35,17396.55,116.39999999999782,3,7,2
13860.6,13798.125000000005,62.47499999999491,13860.6,13815.15,-65.85000000000036,0,53,12
11562.9,11583.843500000008,-20.9435000000085,11562.9,11598.75,75.60000000000036,1,36,9
22180.05,22182.26725000002,-2.2172500000197033,22180.05,22169.2,52.04999999999927,0,9,2
21563.8,21605.60250000002,-41.80250000001979,21563.8,21578.15,-270.5499999999993,2,7,2
16816.6,16701.75924999999,114.8407500000103,16816.6,16775.85,-162.85000000000218,0,35,8
7574.95,7530.152749999984,44.79725000001599,7574.95,7542.6,13.0,0,11,3
8397.0,8401.778250000003,-4.778250000003027,8397.0,8402.35,-116.54999999999927,4,33,8
8401.05,8408.66650000001,-7.616500000011001,8401.05,8391.05,-18.100000000000364,3,2,1
17418.0,17419.436500000033,-1.436500000032538,17418.0,17420.35,38.349999999998545,1,37,9
16536.5,16529.251499999973,7.248500000026979,16536.5,16518.4,-28.649999999997817,0,33,8
15899.35,15835.82049999998,63.52950000002056,15899.35,15818.2,-189.64999999999964,2,27,7
11157.9,11160.57774999998,-2.6777499999807333,11157.9,11149.95,-48.0,4,30,7
8815.75,8840.929000000007,-25.179000000007363,8815.75,8844.05,182.9499999999989,4,11,3
22327.65,22274.611250000038,53.03874999996333,22327.65,22327.5,-152.54999999999927,2,10,3
7171.9,7137.941499999997,33.95850000000246,7171.9,7170.55,-31.449999999999818,4,7,2
10979.15,10978.142749999994,1.0072500000060245,10979.15,10996.05,34.649999999999636,3,35,8
11736.3,11852.94025,-116.64025000000038,11736.3,11807.1,-80.69999999999891,1,44,10
11329.8,11312.641500000002,17.15849999999773,11329.8,11322.45,54.150000000001455,2,30,7
7755.15,7785.207500000005,-30.057500000005348,7755.15,7762.45,1.3499999999994543,4,46,11
10637.2,10656.585250000011,-19.385250000010274,10637.2,10652.05,26.649999999999636,2,2,1
8145.8,8162.107999999991,-16.307999999990898,8145.8,8180.45,31.899999999999636,1,41,10
17454.95,17446.633750000034,8.316249999967113,17454.95,17414.95,-329.25,1,35,8
19676.25,19739.644499999973,-63.39449999997305,19676.25,19729.35,50.5,1,30,7
9234.6,9269.629,-35.02900000000045,9234.6,9264.4,7.5,2,14,4
17868.7,17724.26550000001,144.4344999999921,17868.7,17861.5,235.04999999999927,2,40,10
15786.2,15799.995749999984,-13.795749999982945,15786.2,15800.6,26.950000000000728,4,30,7
10749.7,10738.149249999991,11.55075000000943,10749.7,10761.5,50.350000000000364,1,3,1
17783.25,17747.842000000015,35.407999999984895,17783.25,17811.6,206.1999999999971,2,5,2
8430.7,8432.118750000001,-1.4187500000007276,8430.7,8417.25,-5.299999999999272,0,23,6
11608.35,11612.103499999992,-3.753499999991618,11608.35,11609.3,37.79999999999927,3,35,8
17635.05,17657.145000000004,-22.095000000004802,17635.05,17634.9,21.850000000002183,0,15,4
8139.9,8131.825500000012,8.074499999987893,8139.9,8121.7,-6.449999999999818,1,42,10
17377.7,17315.839499999976,61.86050000002433,17377.7,17315.25,-152.59999999999854,2,49,12
8196.05,8171.664250000006,24.385749999993095,8196.05,8166.5,-5.5,0,22,5
17322.15,17307.55949999997,14.59050000003117,17322.15,17310.15,15.30000000000291,1,31,8
7747.8,7742.274250000011,5.525749999988875,7747.8,7738.5,48.19999999999982,1,50,12
12214.15,12212.117999999993,2.0320000000065193,12214.15,12223.4,-36.399999999999636,3,51,12
22233.65,22243.22899999995,-9.578999999946973,22233.65,22224.8,256.6499999999978,3,19,5
8530.05,8537.75725,-7.707250000001295,8530.05,8540.45,35.70000000000073,2,28,7
23983.7,23981.874500000038,1.8254999999626307,23983.7,23916.5,-281.65000000000146,1,45,11
8787.55,8795.392999999996,-7.842999999997119,8787.55,8815.0,40.95000000000073,1,38,9
8632.7,8570.851499999999,61.84850000000188,8632.7,8599.4,-9.950000000000728,2,30,7
10090.45,10090.622250000017,-0.17225000001599255,10090.45,10054.25,23.5,3,23,6
11183.05,11131.904249999981,51.14575000001787,11183.05,11155.75,35.850000000000364,2,32,8
11144.3,11162.176749999982,-17.876749999983076,11144.3,11152.95,-166.64999999999964,2,41,10
8421.9,8434.718750000013,-12.818750000013097,8421.9,8446.7,92.75,2,33,8
10566.4,10606.464250000005,-40.064250000004904,10566.4,10607.2,147.70000000000073,2,6,2
19487.8,19498.358000000022,-10.55800000002273,19487.8,19495.2,52.0,3,28,7
11120.05,11117.313999999995,2.736000000004424,11120.05,11139.5,49.350000000000364,4,31,7
16317.45,16258.26974999997,59.180250000030355,16317.45,16274.8,6.5,1,32,8
18068.55,18090.367999999984,-21.81799999998475,18068.55,18113.8,31.099999999998545,2,18,5
12117.2,12178.59349999997,-61.39349999996921,12117.2,12151.15,64.54999999999927,4,6,2
17746.2,17837.42900000002,-91.22900000001755,17746.2,17783.15,-162.09999999999854,0,44,11
17344.45,17456.852249999996,-112.40224999999555,17344.45,17427.95,28.25,0,14,4
11038.05,11017.106999999985,20.943000000013853,11038.05,11038.85,2.25,4,10,3
12868.35,12893.300999999996,-24.950999999995474,12868.35,12932.5,53.600000000000364,1,47,11
15901.9,15901.80100000005,0.09899999994922837,15901.9,15926.2,90.10000000000036,0,26,6
10840.15,10872.523999999992,-32.37399999999252,10840.15,10859.35,43.600000000000364,3,2,1
11996.05,11938.901000000005,57.148999999993976,11996.05,11958.55,24.69999999999891,2,43,10
18279.15,18219.927499999976,59.22250000002532,18279.15,18230.7,119.20000000000073,4,42,10
17677.3,17546.143250000034,131.15674999996554,17677.3,17541.95,-125.29999999999927,0,5,1
8624.05,9091.712000000016,-467.66200000001663,8624.05,9107.6,-912.8500000000004,4,11,3
9780.55,9714.175249999993,66.37475000000632,9780.55,9753.5,-98.35000000000036,3,18,4
10820.15,10833.66725000001,-13.51725000000988,10820.15,10844.05,-14.900000000001455,3,4,1
15295.95,15280.751000000006,15.198999999995067,15295.95,15323.95,-46.19999999999891,3,21,5
8516.65,8531.927999999993,-15.277999999992971,8516.65,8519.65,-26.80000000000109,4,29,7
9411.9,9428.023500000007,-16.12350000000697,9411.9,9410.9,40.75,2,21,5
18368.45,18358.283000000007,10.166999999994005,18368.45,18398.25,-3.099999999998545,2,46,11
10447.35,10419.205500000005,28.144499999994878,10447.35,10440.5,15.049999999999272,3,44,11
24344.8,24236.864750000022,107.9352499999768,24344.8,24308.75,-185.15000000000146,2,45,11
10866.75,10860.913999999995,5.836000000004788,10866.75,10876.75,-32.29999999999927,0,6,2
11744.4,11736.234000000004,8.16599999999562,11744.4,11727.4,-42.850000000000364,4,42,10
11765.65,11832.651000000007,-67.00100000000748,11765.65,11844.0,170.0,0,25,6
22246.5,22357.953000000012,-111.45300000001225,22246.5,22336.9,-33.599999999998545,0,17,4
25315.9,25401.410499999994,-85.51049999999304,25315.9,25430.45,86.90000000000146,4,37,9
8644.1,8610.375750000012,33.72424999998839,8644.1,8635.45,1.75,0,5,1
16368.15,16289.431249999983,78.71875000001637,16368.15,16318.15,61.69999999999891,2,20,5
13461.35,13518.390250000011,-57.04025000001093,13461.35,13488.5,6.950000000000728,3,50,12
7688.8,7657.327500000001,31.472499999998945,7688.8,7670.5,-38.649999999999636,1,15,4
11746.65,11770.554000000013,-23.904000000013184,11746.65,11744.95,58.0,2,35,8
24353.7,24426.31800000002,-72.6180000000204,24353.7,24489.6,295.0,3,45,11
11091.0,11124.858750000009,-33.85875000000851,11091.0,11120.85,71.39999999999964,1,5,1
18330.7,18355.047999999984,-24.347999999983585,18330.7,18362.75,-58.79999999999927,1,46,11
8549.8,8503.02925,46.77074999999968,8549.8,8525.5,8.549999999999272,1,28,7
17086.0,17065.80149999999,20.198500000009517,17086.0,17045.25,-104.34999999999854,2,16,4
7980.5,7980.771000000017,-0.2710000000170112,7980.5,8004.2,-53.0,1,25,6
19777.35,19744.107499999984,33.24250000001484,19777.35,19770.9,-9.899999999997817,1,47,11
15921.9,15875.08700000005,46.81299999994917,15921.9,15909.15,109.19999999999891,1,27,7
16372.7,16444.24349999997,-71.54349999997066,16372.7,16481.6,-307.8500000000022,0,9,2
11814.8,11866.264999999972,-51.46499999997286,11814.8,11858.75,-10.450000000000728,3,46,11
11401.0,11371.093750000018,29.90624999998181,11401.0,11381.55,99.29999999999927,1,38,9
15030.85,15103.861999999992,-73.01199999999153,15030.85,15064.4,-176.10000000000036,2,9,3
19781.15,19779.35749999998,1.7925000000213913,19781.15,19774.8,-45.70000000000073,4,36,9
21940.85,21809.575250000024,131.27474999997503,21940.85,21812.75,-40.54999999999927,4,5,2
10770.3,10744.100499999995,26.199500000004264,10770.3,10779.65,69.29999999999927,3,19,5
9307.25,9333.307249999994,-26.057249999994383,9307.25,9340.95,36.30000000000109,4,17,4
14246.0,14245.212749999995,0.7872500000048603,14246.0,14258.4,-85.5,4,1,1
11201.55,11172.72375,28.826250000000073,11201.55,11154.1,-137.89999999999964,1,31,7
9115.2,9144.098749999996,-28.898749999994834,9115.2,9128.7,-16.349999999998545,2,13,3
25253.0,25234.549000000028,18.450999999971827,25253.0,25249.7,2.7000000000007276,4,35,8
9819.95,9790.473499999998,29.47650000000249,9819.95,9807.3,-15.550000000001091,2,28,7
15756.5,15735.462749999999,21.037250000001222,15756.5,15766.3,126.04999999999927,2,23,6
7202.3,7191.439499999999,10.860500000001593,7202.3,7240.3,145.75,1,8,2
7197.6,7149.152250000002,48.44774999999845,7197.6,7177.4,-1.1000000000003638,3,7,2
9375.35,9341.966499999999,33.38350000000173,9375.35,9348.15,100.94999999999891,0,20,5
7835.65,7832.667500000011,2.9824999999882493,7835.65,7811.8,-121.0,2,21,5
11512.45,11557.577249999988,-45.127249999986816,11512.45,11564.85,133.64999999999964,2,39,9
8198.65,8020.574250000011,178.07574999998906,8198.65,8054.05,-405.1999999999998,2,45,11
8050.35,8090.4107500000055,-40.0607500000051,8050.35,8102.1,159.25,0,47,11
11647.65,11636.3115,11.33849999999984,11647.65,11661.65,76.5,3,43,10
8099.15,8111.043250000014,-11.893250000014632,8099.15,8088.75,-50.30000000000018,0,49,12
17269.9,17254.65674999998,15.243250000021362,17269.9,17210.35,-147.95000000000073,4,13,3
17649.2,17564.85174999997,84.34825000003184,17649.2,17599.9,132.45000000000073,2,15,4
10447.25,10467.582750000007,-20.332750000006854,10447.25,10461.55,7.899999999999636,4,44,11
22987.85,22901.812249999988,86.03775000001042,22987.85,23038.95,107.90000000000146,0,22,5
17467.0,17467.208250000047,-0.20825000004697358,17467.0,17451.25,-141.04999999999927,4,9,3
9129.25,9168.765000000007,-39.515000000006694,9129.25,9196.4,253.79999999999927,2,16,4
10594.8,10593.014999999987,1.7850000000125874,10594.8,10614.45,14.200000000000728,2,45,11
7928.55,7981.980750000014,-53.430750000014086,7928.55,7965.1,52.650000000000546,0,52,12
8328.6,8311.03774999999,17.562250000009954,8328.6,8316.35,-55.25,1,27,6
9841.55,9883.059499999988,-41.5094999999892,9841.55,9893.3,38.54999999999927,1,40,10
12621.7,12730.157500000012,-108.45750000001135,12621.7,12659.7,-63.399999999999636,4,46,11
15864.2,15824.789750000005,39.41024999999536,15864.2,15847.5,91.79999999999927,2,24,6
10190.35,10195.738250000017,-5.388250000016342,10190.35,10181.95,27.0,2,12,3
10827.05,10840.16600000001,-13.1160000000109,10827.05,10829.2,-70.84999999999854,4,3,1
17039.45,17109.242250000014,-69.79225000001315,17039.45,17102.1,226.09999999999854,0,40,10
8644.15,8602.42225,41.727750000000015,8644.15,8610.5,-31.450000000000728,4,4,1
7873.95,7860.930999999996,13.01900000000387,7873.95,7867.85,49.400000000000546,1,38,9
8218.65,8197.695249999993,20.954750000006243,8218.65,8215.55,-49.30000000000109,1,18,4
9889.15,9866.947500000024,22.20249999997577,9889.15,9863.25,-228.0,3,25,6
10224.9,10211.614750000012,13.285249999988082,10224.9,10209.55,-152.45000000000073,2,44,10
17737.4,17786.663250000027,-49.26325000002544,17737.4,17767.3,-50.650000000001455,2,17,4
16972.9,16946.591250000012,26.30874999998923,16972.9,16947.5,-183.84999999999854,1,35,8
11329.9,11293.896249999996,36.00375000000349,11329.9,11276.9,79.69999999999891,2,31,7
11229.3,11226.37974999998,2.920250000019223,11229.3,11232.75,-40.850000000000364,4,30,7
9636.0,9635.047499999988,0.9525000000121508,9636.0,9638.55,-28.100000000000364,4,23,6
15438.7,15468.373749999995,-29.67374999999447,15438.7,15455.95,-178.1999999999989,1,25,6
19577.25,19564.72899999998,12.52100000001883,19577.25,19581.2,-37.70000000000073,2,36,9
8949.1,8969.401000000002,-20.301000000001295,8949.1,8996.6,175.14999999999964,4,5,1
17619.95,17581.61675000002,38.33324999998149,17619.95,17615.55,-84.95000000000073,0,40,10
12275.25,12268.334749999995,6.9152500000054715,12275.25,12274.9,16.149999999999636,0,1,12
10771.7,10784.504749999991,-12.804749999990236,10771.7,10784.5,-17.850000000000364,4,50,12
17684.15,17747.771000000033,-63.62100000003193,17684.15,17740.9,61.25,0,15,4
18299.35,18290.04725000002,9.302749999977095,18299.35,18303.4,45.10000000000218,1,19,5
19463.85,19496.63525000001,-32.78525000001173,19463.85,19497.45,112.70000000000073,2,28,7
23351.4,23434.704500000014,-83.30450000001292,23351.4,23464.95,10.799999999999272,4,24,6
10335.3,10407.409499999994,-72.10949999999502,10335.3,10405.85,153.3000000000011,0,43,10
8730.65,8727.068749999999,3.5812500000010914,8730.65,8733.1,33.70000000000073,3,6,2
14749.95,14736.363500000029,13.586499999972148,14749.95,14729.15,-91.30000000000109,2,8,2
16577.75,16546.018249999997,31.73175000000265,16577.75,16545.25,-60.20000000000073,1,33,8
10736.7,10743.894750000012,-7.1947500000114815,10736.7,10736.4,-22.950000000000728,4,23,6
9864.6,9863.976750000023,0.6232499999769061,9864.6,9859.5,-26.850000000000364,2,35,8
8713.6,8721.889750000004,-8.28975000000355,8713.6,8711.2,-33.94999999999891,2,39,9
19591.65,19549.937749999986,41.71225000001505,19591.65,19565.6,-125.90000000000146,1,41,10
11433.35,11474.904250000003,-41.55425000000287,11433.35,11478.7,117.10000000000036,2,19,5
16970.55,16970.082000000006,0.46799999999348074,16970.55,16993.6,150.6999999999971,3,39,9
9956.6,9978.977999999976,-22.377999999975145,9956.6,9984.15,79.79999999999927,0,36,9
8176.5,8220.022749999996,-43.52274999999645,8176.5,8232.45,11.300000000001091,3,20,5
18089.8,18084.652999999977,5.147000000022672,18089.8,18084.75,-22.150000000001455,2,52,12
7253.0,7274.150999999988,-21.150999999988016,7253.0,7260.45,40.19999999999982,2,6,2
7733.0,7744.507250000001,-11.507250000000568,7733.0,7737.4,-22.5,1,21,5
8576.85,8585.188250000008,-8.338250000007974,8576.85,8607.1,-5.299999999999272,3,43,10
12125.05,12098.190750000002,26.8592499999977,12125.05,12079.1,18.80000000000109,1,2,1
17394.4,17463.66525000003,-69.26525000002948,17394.4,17443.8,25.200000000000728,4,10,3
8280.25,8251.522000000004,28.727999999995518,8280.25,8258.35,9.25,2,43,10
15875.9,15843.130750000013,32.76924999998664,15875.9,15855.4,127.39999999999964,3,27,7
9216.25,9226.316250000002,-10.066250000001673,9216.25,9234.05,21.099999999998545,3,19,5
17267.7,17293.66799999997,-25.967999999968015,17267.7,17287.2,-28.950000000000728,4,40,10
9971.45,9996.429499999977,-24.979499999975815,9971.45,9996.55,-6.400000000001455,4,30,7
17932.7,17946.06174999997,-13.361749999970925,17932.7,17965.55,117.84999999999854,0,8,2
10801.55,10848.93075,-47.38075000000026,10801.55,10816.15,-36.20000000000073,1,24,6
14103.4,14045.970749999997,57.42925000000287,14103.4,14104.35,-39.29999999999927,0,1,1
17357.6,17390.17100000002,-32.57100000002174,17357.6,17349.25,-43.650000000001455,2,31,8
10152.6,10149.413250000009,3.1867499999916618,10152.6,10160.95,21.400000000001455,2,38,9
9909.6,9863.982250000003,45.61774999999761,9909.6,9880.85,-114.25,1,23,6
11465.8,11476.14425000002,-10.34425000002011,11465.8,11464.95,-6.599999999998545,2,42,10
16515.1,16555.90724999999,-40.807249999990745,16515.1,16523.55,-86.25,3,29,7
7821.2,7809.541000000002,11.658999999997832,7821.2,7828.9,65.84999999999945,4,51,12
17860.3,17791.02925000001,69.27074999998877,17860.3,17847.55,4.200000000000728,4,6,2
18038.0,18067.414499999973,-29.414499999973486,18038.0,18044.45,-22.049999999999272,1,37,9
10222.7,10206.773750000013,15.926249999987704,10222.7,10216.25,-20.100000000000364,3,10,3
11363.75,11342.832000000019,20.917999999981475,11363.75,11354.4,-3.9500000000007276,4,36,9
15867.4,15838.941750000024,28.458249999976033,15867.4,15860.5,113.29999999999927,1,30,7
17871.6,17896.995499999983,-25.395499999984168,17871.6,17896.6,-126.60000000000218,2,7,2
10740.8,10744.440750000003,-3.640750000004118,10740.8,10744.1,-47.850000000000364,3,8,2
16918.45,16856.41799999999,62.03200000001016,16918.45,16847.95,-232.64999999999782,1,8,2
8143.5,8181.128749999987,-37.62874999998712,8143.5,8205.65,111.19999999999982,2,46,11
10964.55,10949.924000000006,14.625999999992928,10964.55,10963.5,-48.45000000000073,4,29,7
17172.35,17124.357250000005,47.992749999993976,17172.35,17177.45,34.70000000000073,2,12,3
11047.35,11037.006250000002,10.343749999998181,11047.35,11024.85,-24.25,2,10,3
8771.5,8800.11749999999,-28.617499999989377,8771.5,8789.15,75.19999999999891,2,6,2
9924.85,9941.539499999997,-16.68949999999677,9924.85,9945.55,41.69999999999891,3,33,8
11353.9,11312.83,41.06999999999971,11353.9,11334.85,22.649999999999636,3,33,8
16172.4,16133.098250000005,39.30174999999508,16172.4,16151.4,-130.0,0,29,7
16446.4,16430.013249999978,16.386750000023312,16446.4,16475.35,-167.40000000000146,2,30,7
12081.2,12086.160999999986,-4.960999999984779,12081.2,12100.4,133.9499999999989,4,5,1
10886.6,10882.081750000003,4.5182499999973516,10886.6,10879.7,51.30000000000109,1,7,2
15670.95,15694.970500000001,-24.02050000000054,15670.95,15655.55,-33.350000000000364,3,22,6
11013.55,10957.356999999984,56.19300000001567,11013.55,10986.8,-94.55000000000109,4,37,9
18478.7,18540.006750000055,-61.30675000005431,18478.7,18528.45,30.049999999999272,4,47,11
11135.1,11108.089249999995,27.01075000000492,11135.1,11079.35,-45.350000000000364,0,5,1
24769.3,24836.989999999994,-67.68999999999505,24769.3,24853.8,327.9500000000007,4,29,7
8160.8,8186.428249999989,-25.62824999998884,8160.8,8195.25,6.199999999999818,1,1,1
21952.6,21946.304000000015,6.295999999983906,21952.6,21935.2,-106.84999999999854,3,9,2
11103.45,11120.75249999998,-17.302499999979773,11103.45,11164.4,189.6999999999989,0,39,9
9200.5,9201.198000000011,-0.6980000000112341,9200.5,9220.6,-22.399999999999636,0,14,4
10736.6,10741.109499999988,-4.5094999999873835,10736.6,10757.9,43.600000000000364,1,19,5
10465.75,10472.100000000013,-6.350000000013097,10465.75,10464.85,-68.5,3,21,5
7866.6,7914.070500000013,-47.47050000001309,7866.6,7919.15,-41.100000000000364,3,35,8
11049.45,11003.056500000004,46.39349999999649,11049.45,11019.85,-59.19999999999891,0,30,7
10175.25,10184.729000000014,-9.479000000013912,10175.25,10181.15,154.89999999999964,1,24,6
16781.05,16707.58100000001,73.46899999999005,16781.05,16774.85,-147.20000000000073,3,30,7
8353.95,8374.329250000003,-20.379250000001775,8353.95,8377.45,-3.649999999999636,1,26,6
10886.2,10895.296499999999,-9.096499999997832,10886.2,10883.8,-57.20000000000073,4,36,9
17306.65,17286.428749999966,20.22125000003507,17306.65,17283.2,-36.29999999999927,1,50,12
19632.1,19655.99449999999,-23.89449999999124,19632.1,19666.35,-76.15000000000146,0,31,7
9879.35,9908.400000000009,-29.050000000008367,9879.35,9913.3,26.599999999998545,4,28,7
10357.2,10364.075249999978,-6.875249999977314,10357.2,10364.9,24.899999999999636,1,44,10
9066.85,9051.48875000001,15.361249999990832,9066.85,9047.2,19.55000000000109,2,12,3
8167.8,8175.059499999998,-7.259499999997388,8167.8,8196.75,69.05000000000018,3,41,10
21255.5,21228.43425000002,27.065749999979744,21255.5,21295.85,-36.5,4,51,12
22493.85,22434.991750000023,58.85824999997567,22493.85,22455.0,-14.049999999999272,0,14,4
8015.3,7978.6447500000095,36.6552499999907,8015.3,7990.8,-23.699999999999818,1,47,11
14222.1,14237.785000000002,-15.68500000000131,14222.1,14253.75,105.29999999999927,3,1,1
19159.6,19272.006499999974,-112.4064999999755,19159.6,19232.95,146.40000000000146,1,44,10
8360.4,8345.799499999992,14.600500000007742,8360.4,8364.85,29.700000000000728,3,28,7
17460.35,17473.169500000025,-12.819500000026892,17460.35,17463.1,99.09999999999854,3,31,8
17482.8,17536.193500000034,-53.39350000003469,17482.8,17554.1,-32.85000000000218,3,6,2
15228.45,15201.362250000013,27.087749999987864,15228.45,15238.7,118.5,3,7,2
13907.85,13992.451499999997,-84.60149999999703,13907.85,13946.6,285.8000000000011,4,4,1
19800.55,19741.313249999963,59.23675000003641,19800.55,19767.0,-41.5,2,41,10
11284.75,11305.065499999984,-20.31549999998424,11284.75,11306.05,48.04999999999927,3,10,3
24364.65,24365.955000000024,-1.305000000022119,24364.65,24369.95,65.29999999999927,3,27,7
19522.45,19539.108499999995,-16.658499999994092,19522.45,19521.85,-24.75,3,40,10
16274.75,16263.087249999982,11.662750000017695,16274.75,16290.95,99.30000000000109,0,21,5
11400.6,11413.93975000001,-13.339750000010099,11400.6,11423.15,34.04999999999927,1,32,8
14680.45,14726.45950000002,-46.009500000020125,14680.45,14754.9,-28.700000000000728,2,5,2
7776.15,7814.516500000003,-38.366500000003725,7776.15,7811.1,-56.75,0,38,9
10428.85,10400.063749999983,28.78625000001739,10428.85,10389.5,-35.70000000000073,1,11,3
21793.1,21829.081750000023,-35.981750000024476,21793.1,21825.2,-113.59999999999854,1,6,2
22376.65,22436.911499999973,-60.26149999997142,22376.65,22415.25,-50.29999999999927,4,20,5
10225.2,10234.22250000003,-9.02250000003005,10225.2,10227.65,-10.700000000000728,1,42,10
18855.85,18878.493999999973,-22.643999999974767,18855.85,18849.4,-12.69999999999709,2,25,6
11699.1,11640.335749999997,58.76425000000381,11699.1,11657.15,67.25,1,43,10
17237.6,17284.582749999972,-46.98274999997375,17237.6,17279.85,39.5,1,6,2
24216.55,24232.899500000025,-16.349500000025728,24216.55,24302.85,251.04999999999927,0,32,8
14937.55,14959.205500000013,-21.65550000001349,14937.55,14928.25,-21.149999999999636,0,19,5
16257.7,16220.543999999994,37.156000000006316,16257.7,16187.05,-142.25,1,29,7
18084.25,18067.697249999972,16.552750000028027,18084.25,18053.4,-74.5,4,44,11
8625.8,8596.902250000003,28.89774999999645,8625.8,8605.45,-50.54999999999927,4,32,8
14546.5,14596.302000000001,-49.8020000000015,14546.5,14604.15,-30.850000000000364,2,18,5
8523.75,8545.566499999994,-21.81649999999354,8523.75,8540.0,-2.149999999999636,1,45,11
9597.65,9622.25849999999,-24.60849999999118,9597.65,9595.45,17.450000000000728,4,24,6
11045.6,11047.253249999985,-1.653249999984837,11045.6,11060.2,76.75,2,29,7
11746.05,11781.751749999998,-35.701749999998356,11746.05,11777.55,436.5,0,36,8
24995.35,25014.27925000005,-18.92925000005198,24995.35,24999.4,-52.69999999999709,1,37,9
17394.6,17371.563500000007,23.036499999991065,17394.6,17379.25,62.25,3,40,10
15709.4,15694.438000000007,14.961999999992258,15709.4,15648.3,-33.400000000001455,3,24,6
17965.75,17937.286749999967,28.46325000003344,17965.75,17947.95,114.95000000000073,2,44,11
8053.25,8036.349000000006,16.900999999994383,8053.25,8030.6,-74.5,3,52,12
15654.3,15696.95124999996,-42.65124999996078,15654.3,15688.25,-8.799999999999272,4,27,7
16685.8,16672.65475000002,13.145249999979569,16685.8,16691.95,141.54999999999927,2,33,8
11064.0,11028.815499999984,35.18450000001576,11064.0,11058.3,77.25,3,37,9
8903.75,8967.02900000001,-63.279000000009546,8903.75,8961.7,71.15000000000146,1,21,5
10879.75,10916.927499999996,-37.177499999996144,10879.75,10930.9,31.0,0,7,2
17632.65,17723.281000000006,-90.63100000000486,17632.65,17796.25,356.25,0,47,11
10475.75,10467.569500000012,8.18049999998766,10475.75,10477.55,38.0,1,1,1
17671.8,17656.757250000006,15.042749999993248,17671.8,17638.6,14.69999999999709,3,16,4
16941.0,16943.241499999993,-2.2414999999928114,16941.0,16933.25,-418.59999999999854,1,7,2
17818.7,17836.430250000023,-17.73025000002235,17818.7,17840.35,-81.5,1,7,2
10482.15,10507.996250000002,-25.84625000000233,10482.15,10495.3,11.599999999998545,4,15,4
9089.65,9080.470750000006,9.179249999993772,9089.65,9086.85,4.25,2,11,3
11870.6,11918.617499999986,-48.017499999985375,11870.6,11890.3,-17.200000000000728,1,27,7
7866.5,7808.734749999996,57.765250000004016,7866.5,7824.8,82.05000000000018,1,18,5
19378.95,19413.869250000018,-34.9192500000172,19378.95,19406.6,21.049999999999272,1,27,7
11594.6,11622.900249999995,-28.300249999994776,11594.6,11614.75,27.100000000000364,0,29,7
11039.0,10992.838999999985,46.16100000001461,11039.0,11028.5,9.549999999999272,2,37,9
9233.25,9207.559250000013,25.69074999998702,9233.25,9223.7,26.80000000000109,4,14,4
17916.85,17839.35675000001,77.49324999998862,17916.85,17771.15,-229.5,2,37,9
