,close,open,gap_open,day_of_week,week_of_year,month_of_year
0,8285.55,8294.1,5.200000000000728,4,2,1
1,8265.6,8291.35,-35.19999999999891,0,3,1
2,8330.95,8346.15,42.350000000000364,1,3,1
3,8300.7,8307.25,19.5,2,3,1
4,8416.9,8425.2,-35.94999999999891,3,3,1
5,8560.65,8553.4,3.100000000000364,0,4,1
6,8584.55,8575.1,-116.14999999999964,1,4,1
7,8716.15,8719.65,-8.399999999999636,2,4,1
8,8741.55,8745.85,-16.350000000000364,3,4,1
9,8851.75,8827.95,4.400000000001455,4,4,1
10,8849.3,8871.35,-32.850000000000364,1,5,1
11,8904.7,8902.75,-4.049999999999272,2,5,1
12,8870.65,8901.5,-48.70000000000073,3,5,1
13,8949.1,8996.6,175.14999999999964,4,5,1
14,8788.1,8802.5,4.350000000000364,0,6,2
15,8817.65,8823.15,76.5,1,6,2
16,8771.5,8789.15,75.19999999999891,2,6,2
17,8730.65,8733.1,33.70000000000073,3,6,2
18,8712.4,8696.85,30.850000000000364,4,6,2
19,8585.4,8584.4,66.10000000000036,0,7,2
20,8546.6,8478.1,-100.75,1,7,2
21,8607.7,8603.3,-32.20000000000073,2,7,2
22,8651.7,8676.95,-51.44999999999891,3,7,2
23,8747.95,8741.5,-61.54999999999927,4,7,2
24,8855.4,8831.4,22.69999999999891,0,8,2
25,8827.35,8811.55,-53.70000000000073,2,8,2
26,8888.1,8883.05,-15.300000000001091,3,8,2
27,8853.95,8895.5,67.79999999999927,4,8,2
28,8853.3,8856.85,114.05000000000109,0,9,2
29,8762.05,8772.9,12.100000000000364,1,9,2
30,8828.35,8802.65,37.399999999999636,2,9,2
31,8756.9,8779.0,84.35000000000036,3,9,2
32,8737.95,8729.5,-121.14999999999964,4,9,2
33,8905.35,8913.05,-7.700000000000728,5,9,2
34,8937.8,8954.6,-6.949999999998909,0,10,3
35,8933.9,8962.85,-33.899999999999636,1,10,3
36,9069.05,9109.15,190.75,2,10,3
37,8943.85,8929.4,-8.350000000000364,3,10,3
38,8829.3,8877.3,134.04999999999927,0,11,3
39,8751.75,8769.75,44.149999999999636,1,11,3
40,8735.55,8728.75,26.950000000000728,2,11,3
41,8769.45,8740.65,-30.75,3,11,3
42,8815.75,8844.05,182.9499999999989,4,11,3
43,8640.25,8641.1,1.5,0,12,3
44,8676.1,8689.1,-33.25,1,12,3
45,8716.75,8742.9,62.0,2,12,3
46,8743.45,8749.45,126.55000000000109,3,12,3
47,8597.3,8627.9,43.04999999999927,4,12,3
48,8591.45,8591.55,40.599999999998545,0,13,3
49,8560.9,8537.05,-12.850000000000364,1,13,3
50,8557.95,8568.9,51.899999999999636,2,13,3
51,8481.75,8474.95,92.65000000000146,3,13,3
52,8380.05,8396.0,47.95000000000073,4,13,3
53,8387.3,8391.7,-109.64999999999964,0,14,3
54,8513.1,8527.6,46.70000000000073,1,14,3
55,8489.0,8483.7,-106.59999999999854,2,14,4
56,8582.6,8615.8,-36.20000000000073,0,15,4
57,8683.15,8684.45,7.550000000001091,1,15,4
58,8710.95,8698.95,-18.399999999999636,2,15,4
59,8741.55,8756.2,-18.049999999999272,3,15,4
60,8765.9,8774.35,6.800000000001091,4,15,4
61,8781.55,8801.75,-24.149999999999636,0,16,4
62,8827.75,8844.75,109.25,2,16,4
63,8746.35,8757.05,63.79999999999927,3,16,4
64,8678.1,8698.05,96.0,4,16,4
65,8586.6,8615.4,172.39999999999964,0,17,4
66,8463.55,8416.1,18.0,1,17,4
67,8407.4,8400.4,-36.100000000000364,2,17,4
68,8472.15,8478.2,90.25,3,17,4
69,8365.3,8405.7,85.55000000000109,4,17,4
70,8298.15,8330.55,127.39999999999964,0,18,4
71,8218.65,8215.55,-49.30000000000109,1,18,4
72,8270.9,8274.8,38.399999999999636,2,18,4
73,8165.7,8224.5,19.549999999999272,3,18,4
74,8263.9,8230.05,-112.60000000000036,0,19,5
75,8311.9,8338.4,17.299999999999272,1,19,5
76,8309.05,8316.6,224.15000000000055,2,19,5
77,8048.55,8077.0,29.850000000000364,3,19,5
78,8150.4,8131.5,-58.80000000000018,4,19,5
79,8236.5,8243.2,-76.84999999999854,0,20,5
80,8244.95,8326.15,201.14999999999964,1,20,5
81,8218.35,8181.55,-55.849999999999454,2,20,5
82,8176.5,8232.45,11.300000000001091,3,20,5
83,8254.5,8240.3,-14.450000000000728,4,20,5
84,8305.75,8284.95,-91.25,0,21,5
85,8348.55,8356.2,-0.8499999999985448,1,21,5
86,8419.6,8392.65,-20.5,2,21,5
87,8428.45,8434.5,15.450000000000728,3,21,5
88,8429.1,8432.5,-15.850000000000364,4,21,5
89,8430.05,8438.15,71.25,0,22,5
90,8351.75,8377.65,22.850000000000364,1,22,5
91,8283.35,8302.75,-34.350000000000364,2,22,5
92,8345.6,8345.7,26.700000000000728,3,22,5
93,8344.4,8327.1,-105.85000000000036,4,22,5
94,8430.7,8417.25,-5.299999999999272,0,23,6
95,8383.55,8442.8,210.54999999999927,1,23,6
96,8192.65,8232.45,83.90000000000055,2,23,6
97,8124.9,8155.15,18.199999999999818,3,23,6
98,8120.35,8119.15,5.25,4,23,6
99,8081.25,8124.35,87.40000000000055,0,24,6
100,8034.0,8026.5,11.050000000000182,1,24,6
101,8092.9,8024.15,-101.35000000000036,2,24,6
102,8145.95,8157.3,192.44999999999982,3,24,6
103,7959.15,7959.85,-31.599999999999454,4,24,6
104,7971.8,7986.6,-19.549999999999272,0,25,6
105,7980.5,8004.2,-53.0,1,25,6
106,8066.05,8084.2,-5.5,2,25,6
107,8147.55,8113.7,-64.65000000000055,3,25,6
108,8215.15,8201.15,-31.80000000000109,4,25,6
109,8275.85,8259.3,-93.0,0,26,6
110,8353.95,8377.45,-3.649999999999636,1,26,6
111,8381.75,8399.4,59.54999999999927,2,26,6
112,8356.15,8336.25,-78.79999999999927,3,26,6
113,8375.9,8393.95,11.75,4,26,6
114,8233.55,8247.05,-79.35000000000036,0,27,6
115,8328.6,8316.35,-55.25,1,27,6
116,8386.2,8376.25,-86.25,2,27,7
117,8445.7,8471.95,31.0,3,27,7
118,8464.05,8440.1,-46.25,4,27,7
119,8394.1,8386.15,-137.25,0,28,7
120,8549.8,8525.5,8.549999999999272,1,28,7
121,8436.5,8439.2,84.55000000000109,2,28,7
122,8360.4,8364.85,29.700000000000728,3,28,7
123,8356.0,8365.7,8.650000000001455,4,28,7
124,8374.15,8397.25,-64.14999999999964,0,29,7
125,8447.0,8470.6,28.200000000000728,1,29,7
126,8494.05,8463.4,-62.600000000000364,2,29,7
127,8561.9,8545.8,-65.0,3,29,7
128,8640.2,8623.65,9.799999999999272,4,29,7
129,8578.9,8623.9,21.600000000000364,0,30,7
130,8600.65,8601.5,69.60000000000036,1,30,7
131,8513.55,8512.25,-119.39999999999964,2,30,7
132,8652.05,8643.95,57.150000000001455,3,30,7
133,8568.65,8588.15,61.04999999999927,4,30,7
134,8451.3,8492.1,130.10000000000036,0,31,7
135,8382.6,8371.1,29.899999999999636,1,31,7
136,8342.7,8365.6,-14.75,2,31,7
137,8413.0,8413.2,-15.849999999998545,3,31,7
138,8479.1,8456.1,-74.85000000000036,4,31,7
139,8541.2,8510.65,-28.05000000000109,0,32,8
140,8516.25,8564.1,39.850000000000364,1,32,8
141,8565.45,8547.4,-19.649999999999636,2,32,8
142,8567.6,8585.8,-1.2000000000007276,3,32,8
143,8591.75,8580.8,10.349999999998545,4,32,8
144,8600.15,8577.0,74.10000000000036,0,33,8
145,8515.6,8549.85,82.45000000000073,1,33,8
146,8421.9,8446.7,92.75,2,33,8
147,8417.8,8385.3,2.149999999999636,3,33,8
148,8397.0,8402.35,-116.54999999999927,4,33,8
149,8448.1,8530.5,58.649999999999636,0,34,8
150,8516.15,8503.75,37.5,1,34,8
151,8456.15,8468.05,-25.850000000000364,2,34,8
152,8485.9,8477.15,89.94999999999891,3,34,8
153,8246.55,8298.7,14.050000000001091,4,34,8
154,8025.55,8055.95,257.0,0,35,8
155,7903.1,7896.55,-9.800000000000182,1,35,8
156,7850.35,7865.25,76.10000000000036,2,35,8
157,7866.6,7919.15,-41.100000000000364,3,35,8
158,8035.1,8053.7,57.94999999999982,4,35,8
159,7965.6,8006.7,35.69999999999982,0,36,8
160,7916.1,7907.95,126.55000000000018,1,36,9
161,7798.75,7857.8,130.15000000000055,2,36,9
162,7766.65,7774.45,-56.80000000000018,3,36,9
163,7751.5,7803.4,147.44999999999982,4,36,9
164,7700.75,7690.65,137.69999999999982,0,37,9
165,7572.55,7587.7,-114.15000000000055,1,37,9
166,7814.4,7806.1,1.25,2,37,9
167,7706.95,7721.35,-97.94999999999982,3,37,9
168,7846.55,7832.5,48.850000000000364,4,37,9
169,7776.15,7811.1,-56.75,0,38,9
170,7873.95,7867.85,49.400000000000546,1,38,9
171,7868.6,7886.2,-1.949999999999818,2,38,9
172,7989.1,7963.2,-4.199999999999818,4,38,9
173,7928.15,7910.95,-72.44999999999982,0,39,9
174,8009.85,8014.8,225.0,1,39,9
175,7745.4,7737.35,-119.59999999999945,2,39,9
176,7846.7,7835.5,-33.0,3,39,9
177,7861.8,7892.8,90.35000000000036,0,40,9
178,7719.15,7725.7,-104.0,1,40,9
179,7906.85,7924.25,-23.0,2,40,9
180,7989.25,7986.9,39.79999999999927,3,40,10
181,8048.1,8009.55,-116.84999999999945,0,41,10
182,8145.8,8180.45,31.899999999999636,1,41,10
183,8156.6,8146.2,-36.19999999999982,2,41,10
184,8167.8,8196.75,69.05000000000018,3,41,10
185,8215.35,8187.65,9.649999999999636,4,41,10
186,8177.4,8231.5,87.25,0,42,10
187,8139.9,8121.7,-6.449999999999818,1,42,10
188,8120.4,8102.4,-6.300000000000182,2,42,10
189,8152.1,8134.35,-44.399999999999636,3,42,10
190,8171.85,8193.65,-47.850000000000364,4,42,10
191,8256.1,8262.55,-9.0,0,43,10
192,8270.4,8281.3,27.69999999999891,1,43,10
193,8280.25,8258.35,9.25,2,43,10
194,8308.55,8308.25,11.399999999999636,4,43,10
195,8316.5,8333.65,79.14999999999964,0,44,10
196,8238.9,8232.35,4.5,1,44,10
197,8198.4,8188.9,11.699999999999818,2,44,10
198,8150.3,8177.0,58.30000000000018,3,44,10
199,8113.55,8123.55,67.19999999999982,4,44,10
200,8037.3,8055.65,4.699999999999818,0,45,11
201,8087.55,8085.95,38.05000000000018,1,45,11
202,8104.1,8104.9,74.54999999999927,2,45,11
203,8011.25,8029.4,81.44999999999982,3,45,11
204,7978.75,7956.55,-5.599999999999454,4,45,11
205,7819.5,7788.25,-123.10000000000036,0,46,11
206,7863.7,7877.6,94.15000000000055,1,46,11
207,7838.8,7783.35,-45.349999999999454,2,46,11
208,7755.15,7762.45,1.3499999999994543,4,46,11
209,7741.55,7732.95,-75.69999999999982,0,47,11
210,7838.45,7848.75,18.399999999999636,1,47,11
211,7831.55,7817.0,87.94999999999982,2,47,11
212,7781.5,7788.8,-55.94999999999982,3,47,11
213,7830.3,7841.9,-9.900000000000546,4,47,11
214,7870.45,7871.15,23.599999999999454,0,48,11
215,7843.65,7837.0,4.600000000000364,1,48,11
216,7851.0,7837.15,-55.400000000000546,3,48,11
217,7896.9,7910.6,-35.04999999999927,4,48,11
218,7950.8,7940.0,0.5,0,49,11
219,7965.25,7958.15,3.0,1,49,12
220,7958.15,7976.65,52.399999999999636,2,49,12
221,7909.8,7901.15,35.649999999999636,3,49,12
222,7803.35,7817.6,29.900000000000546,4,49,12
223,7814.4,7818.2,52.69999999999982,0,50,12
224,7747.8,7738.5,48.19999999999982,1,50,12
225,7693.7,7695.5,77.25,2,50,12
226,7636.65,7643.3,-39.25,3,50,12
227,7667.0,7699.45,89.34999999999945,4,50,12
228,7585.0,7558.2,-101.05000000000018,0,51,12
229,7640.8,7659.4,-33.20000000000073,1,51,12
230,7721.8,7725.25,-26.399999999999636,2,51,12
231,7781.45,7784.3,-54.099999999999454,3,51,12
232,7821.2,7828.9,65.84999999999945,4,51,12
233,7752.3,7745.65,-84.95000000000073,0,52,12
234,7809.55,7829.4,42.149999999999636,1,52,12
235,7851.9,7830.45,-32.05000000000018,2,52,12
236,7872.1,7888.75,25.75,3,52,12
237,7889.8,7865.1,-52.29999999999927,0,53,12
238,7932.4,7928.95,-1.3500000000003638,1,53,12
239,7935.3,7940.35,45.25,2,53,12
240,7902.2,7897.65,-42.100000000000364,3,53,12
241,7921.8,7938.45,-19.0,4,53,1
242,7916.85,7924.55,135.40000000000055,0,1,1
243,7807.25,7828.4,49.399999999999636,1,1,1
244,7768.2,7788.05,54.650000000000546,2,1,1
245,7650.95,7673.35,103.70000000000073,3,1,1
246,7615.45,7611.65,4.5,4,1,1
247,7509.6,7527.45,-44.650000000000546,0,2,1
248,7570.8,7587.2,76.55000000000018,1,2,1
249,7558.95,7562.8,6.150000000000546,2,2,1
250,7479.35,7470.95,-70.05000000000018,3,2,1
251,7547.2,7561.65,127.69999999999982,4,2,1
252,7440.9,7425.3,74.15000000000055,0,3,1
253,7371.05,7381.8,-58.25,1,3,1
254,7324.45,7350.1,33.100000000000364,2,3,1
255,7386.4,7376.65,96.59999999999945,3,3,1
256,7340.6,7355.7,-67.19999999999982,4,3,1
257,7474.25,7468.75,32.350000000000364,0,4,1
258,7435.5,7474.4,43.04999999999927,2,4,1
259,7441.75,7426.5,-0.1000000000003638,3,4,1
260,7471.45,7413.35,-146.04999999999927,4,4,1
261,7566.05,7589.5,40.05000000000018,0,5,2
262,7562.4,7566.65,125.94999999999982,1,5,2
263,7390.65,7392.45,19.149999999999636,2,5,2
264,7419.6,7411.45,-1.3500000000003638,3,5,2
265,7420.75,7418.25,-81.85000000000036,4,5,2
266,7490.4,7489.7,124.64999999999964,0,6,2
267,7316.25,7299.85,-1.1499999999996362,1,6,2
268,7253.0,7260.45,40.19999999999982,2,6,2
269,7177.3,7208.0,232.30000000000018,3,6,2
270,6994.2,7023.65,53.099999999999454,4,6,2
271,7086.2,7057.35,-100.84999999999945,0,7,2
272,7160.6,7198.55,153.94999999999982,1,7,2
273,7027.75,7058.15,-62.55000000000018,2,7,2
274,7197.6,7177.4,-1.1000000000003638,3,7,2
275,7171.9,7170.55,-31.449999999999818,4,7,2
276,7221.2,7213.6,-19.299999999999272,0,8,2
277,7202.3,7240.3,145.75,1,8,2
278,7065.1,7075.0,54.55000000000018,2,8,2
279,7012.85,7029.85,46.45000000000073,3,8,2
280,7022.2,7039.3,3.350000000000364,4,8,2
281,7023.0,7050.45,51.899999999999636,0,9,2
282,7086.4,7038.25,-190.30000000000018,1,9,3
283,7322.45,7321.7,-54.55000000000018,2,9,3
284,7441.6,7422.2,-50.850000000000364,3,9,3
285,7456.05,7502.35,0.5,4,9,3
286,7499.5,7486.4,4.399999999999636,1,10,3
287,7435.8,7436.1,-96.39999999999964,2,10,3
288,7524.15,7547.05,65.25,3,10,3
289,7498.7,7488.15,-26.200000000000728,4,10,3
290,7574.95,7542.6,13.0,0,11,3
291,7520.65,7535.85,72.75,1,11,3
292,7448.3,7459.75,-42.44999999999982,2,11,3
293,7569.4,7557.4,67.79999999999927,3,11,3
294,7538.2,7534.65,-65.95000000000073,4,11,3
295,7639.5,7619.2,-84.35000000000036,0,12,3
296,7684.25,7699.95,-13.350000000000364,1,12,3
297,7696.5,7712.4,7.199999999999818,2,12,3
298,7713.05,7741.0,110.55000000000018,0,13,3
299,7622.35,7606.55,13.550000000000182,1,13,3
300,7653.1,7651.1,-85.94999999999982,2,13,3
301,7742.6,7727.65,-20.5,3,13,3
302,7719.05,7718.05,5.300000000000182,4,13,4
303,7746.65,7729.95,-26.550000000000182,0,14,4
304,7727.4,7736.3,143.35000000000036,1,14,4
305,7608.35,7638.05,19.75,2,14,4
306,7602.55,7630.4,88.25,3,14,4
307,7533.3,7542.05,-16.25,4,14,4
308,7560.4,7576.3,-88.0,0,15,4
309,7688.8,7670.5,-38.649999999999636,1,15,4
310,7804.75,7776.3,-71.80000000000018,2,15,4
311,7859.3,7908.1,0.3000000000001819,0,16,4
312,7926.05,7946.0,26.699999999999818,2,16,4
313,7963.05,7956.35,59.350000000000364,3,16,4
314,7883.15,7891.8,-10.75,4,16,4
315,7902.6,7894.8,29.949999999999818,0,17,4
316,7833.7,7828.2,-127.19999999999982,1,17,4
317,7969.1,7942.0,-34.75,2,17,4
318,7981.8,7967.4,116.34999999999945,3,17,4
319,7825.75,7842.4,-3.100000000000364,4,17,4
320,7805.4,7822.7,15.550000000000182,0,18,5
321,7866.5,7824.8,82.05000000000018,1,18,5
322,7734.85,7723.9,23.549999999999272,2,18,5
323,7727.8,7731.0,-7.699999999999818,3,18,5
324,7691.45,7717.65,-16.600000000000364,4,18,5
325,7786.85,7755.25,-113.30000000000018,0,19,5
326,7864.7,7871.0,-18.899999999999636,1,19,5
327,7845.3,7804.65,-47.20000000000073,2,19,5
328,7893.65,7871.45,-33.75,3,19,5
329,7874.5,7879.45,65.84999999999945,4,19,5
330,7809.1,7831.2,-28.100000000000364,0,20,5
331,7909.5,7896.85,9.350000000000364,1,20,5
332,7840.75,7846.75,-26.100000000000364,2,20,5
333,7838.25,7875.5,108.39999999999964,3,20,5
334,7784.1,7792.2,32.19999999999982,4,20,5
335,7784.35,7813.95,84.59999999999945,0,21,5
336,7733.0,7737.4,-22.5,1,21,5
337,7835.65,7811.8,-121.0,2,21,5
338,7964.25,7974.45,-103.5,3,21,5
339,8113.7,8081.95,-67.40000000000055,4,21,5
340,8196.05,8166.5,-5.5,0,22,5
341,8205.1,8209.85,49.30000000000018,1,22,5
342,8177.0,8179.2,-1.0,2,22,6
343,8179.05,8157.35,-59.600000000000364,3,22,6
344,8251.8,8246.2,33.350000000000364,4,22,6
345,8226.2,8228.75,23.299999999999272,0,23,6
346,8230.2,8233.7,-30.899999999999636,1,23,6
347,8273.0,8285.5,15.799999999999272,2,23,6
348,8257.9,8269.7,69.65000000000146,3,23,6
349,8190.7,8180.25,7.600000000000364,4,23,6
350,8109.5,8102.25,-10.75,0,24,6
351,8118.15,8134.4,22.849999999999454,1,24,6
352,8125.05,8136.5,-62.899999999999636,2,24,6
353,8146.85,8180.65,49.54999999999927,3,24,6
354,8184.7,8176.65,20.599999999999454,4,24,6
355,8152.0,8115.75,-119.5,0,25,6
356,8222.45,8256.6,48.20000000000073,1,25,6
357,8213.9,8215.25,20.899999999999636,2,25,6
358,8199.05,8202.25,-67.20000000000073,3,25,6
359,8044.7,8017.6,-59.149999999999636,4,25,6
360,8079.3,8039.35,-52.849999999999454,0,26,6
361,8107.85,8094.85,-32.19999999999982,1,26,6
362,8163.6,8172.65,-29.899999999999636,2,26,6
363,8266.35,8262.3,-23.600000000000364,3,26,6
364,8335.9,8314.45,-13.149999999999636,4,26,7
365,8376.1,8377.35,6.950000000000728,0,27,7
366,8353.65,8378.95,49.30000000000109,1,27,7
367,8332.5,8342.0,-0.6000000000003638,3,27,7
368,8318.2,8350.4,24.850000000000364,4,27,7
369,8435.45,8413.35,-56.600000000000364,0,28,7
370,8492.85,8502.6,-13.549999999999272,1,28,7
371,8530.05,8540.45,35.70000000000073,2,28,7
372,8517.55,8515.75,-47.850000000000364,3,28,7
373,8587.45,8565.45,27.150000000001455,4,28,7
374,8572.0,8564.05,66.69999999999891,0,29,7
375,8522.45,8514.3,-21.100000000000364,1,29,7
376,8549.75,8515.45,-51.19999999999891,2,29,7
377,8570.55,8582.7,77.55000000000109,3,29,7
378,8516.65,8519.65,-26.80000000000109,4,29,7
379,8535.05,8519.95,-110.44999999999891,0,30,7
380,8642.55,8633.75,49.04999999999927,1,30,7
381,8632.7,8599.4,-9.950000000000728,2,30,7
382,8642.55,8636.8,-29.400000000001455,3,30,7
383,8663.65,8667.8,25.5,4,30,7
384,8694.4,8654.5,7.350000000000364,0,31,8
385,8663.1,8647.45,19.80000000000109,1,31,8
386,8592.6,8634.6,93.89999999999964,2,31,8
387,8534.85,8599.95,38.20000000000073,3,31,8
388,8621.2,8600.2,-79.09999999999854,4,31,8
389,8719.35,8710.1,9.850000000000364,0,32,8
390,8696.5,8727.8,57.25,1,32,8
391,8678.75,8686.7,118.80000000000109,2,32,8
392,8578.45,8572.8,-21.25,3,32,8
393,8625.8,8605.45,-50.54999999999927,4,32,8
394,8669.65,8670.25,31.350000000000364,1,33,8
395,8652.1,8639.2,16.600000000000364,2,33,8
396,8658.1,8648.95,-19.75,3,33,8
397,8670.5,8694.3,27.149999999999636,4,33,8
398,8671.35,8667.0,40.100000000000364,0,34,8
399,8611.05,8628.35,-10.949999999998909,1,34,8
400,8635.9,8648.5,0.8999999999996362,2,34,8
401,8670.95,8666.75,76.20000000000073,3,34,8
402,8616.6,8614.35,40.80000000000109,4,34,8
403,8565.3,8583.75,-35.45000000000073,0,35,8
404,8657.55,8649.2,-95.89999999999964,1,35,8
405,8788.3,8754.05,-29.25,2,35,8
406,8789.3,8792.35,13.149999999999636,3,35,9
407,8785.6,8796.35,-8.350000000000364,4,35,9
408,8874.45,8852.7,-91.5,1,36,9
409,8924.0,8968.7,44.75,2,36,9
410,8905.75,8915.5,-32.95000000000073,3,36,9
411,8908.95,8936.8,72.19999999999891,4,36,9
412,8729.5,8732.95,17.650000000001455,0,37,9
413,8725.3,8709.3,-29.900000000001455,2,37,9
414,8737.7,8743.85,-4.75,3,37,9
415,8809.75,8780.85,0.050000000001091394,4,37,9
416,8787.65,8791.55,-17.5,0,38,9
417,8787.55,8815.0,40.95000000000073,1,38,9
418,8786.65,8789.2,15.400000000001455,2,38,9
419,8869.9,8873.35,11.600000000000364,3,38,9
420,8859.4,8882.15,57.0,4,38,9
421,8792.4,8807.9,85.60000000000036,0,39,9
422,8748.85,8748.9,28.149999999999636,1,39,9
423,8713.6,8711.2,-33.94999999999891,2,39,9
424,8790.75,8790.8,175.14999999999964,3,39,9
425,8582.45,8581.5,-39.45000000000073,4,39,9
426,8651.8,8666.15,-74.10000000000036,0,40,10
427,8774.3,8770.6,-0.75,1,40,10
428,8786.2,8806.35,68.55000000000109,2,40,10
429,8758.25,8768.7,56.30000000000109,3,40,10
430,8718.75,8721.3,25.5,4,40,10
431,8733.25,8735.35,20.75,0,41,10
432,8636.05,8670.95,99.40000000000146,3,41,10
433,8588.0,8594.0,7.549999999999272,4,41,10
434,8581.2,8612.15,87.25,0,42,10
435,8576.0,8556.05,-111.65000000000146,1,42,10
436,8669.3,8696.3,40.75,2,42,10
437,8717.9,8693.35,-6.850000000000364,3,42,10
438,8686.25,8708.6,17.450000000000728,4,42,10
439,8705.4,8709.85,-1.7999999999992724,0,43,10
440,8698.65,8721.7,28.80000000000109,1,43,10
441,8635.55,8657.3,49.0,2,43,10
442,8576.85,8607.1,-5.299999999999272,3,43,10
443,8592.3,8625.0,-14.950000000000728,4,43,10
444,8645.8,8672.6,55.0,6,43,10
445,8628.05,8653.15,28.649999999999636,1,44,11
446,8545.25,8541.0,21.850000000000364,2,44,11
447,8523.6,8499.85,16.30000000000109,3,44,11
448,8478.9,8503.6,67.95000000000073,4,44,11
449,8507.7,8535.75,47.350000000000364,0,45,11
450,8523.75,8540.0,-2.149999999999636,1,45,11
451,8198.65,8054.05,-405.1999999999998,2,45,11
452,8554.45,8546.8,24.299999999999272,3,45,11
453,8448.95,8456.65,145.25,4,45,11
454,8219.75,8284.85,187.40000000000055,1,46,11
455,8143.5,8205.65,111.19999999999982,2,46,11
456,8143.5,8105.1,16.300000000000182,3,46,11
457,8070.4,8097.55,29.800000000000182,4,46,11
458,8050.35,8102.1,159.25,0,47,11
459,8015.3,7990.8,-23.699999999999818,1,47,11
460,8023.6,8051.2,22.849999999999454,2,47,11
461,7990.0,8011.8,37.55000000000018,3,47,11
462,7994.2,8006.5,-103.64999999999964,4,47,11
463,8119.1,8080.65,-38.350000000000364,0,48,11
464,8160.8,8131.55,-15.449999999999818,1,48,11
465,8154.7,8172.15,-42.45000000000073,2,48,11
466,8235.0,8244.0,49.899999999999636,3,48,12
467,8140.9,8153.55,65.55000000000018,4,48,12
468,8099.15,8088.75,-50.30000000000018,0,49,12
469,8164.35,8153.15,14.799999999999272,1,49,12
470,8164.05,8168.4,54.349999999999454,2,49,12
471,8194.1,8154.1,-88.85000000000036,3,49,12
472,8262.55,8271.7,16.350000000000364,4,49,12
473,8217.2,8225.35,53.75,0,50,12
474,8168.7,8200.6,-12.199999999998909,1,50,12
475,8209.25,8229.35,46.55000000000018,2,50,12
476,8178.35,8128.4,-26.25,3,50,12
477,8145.7,8178.2,38.649999999999636,4,50,12
478,8119.8,8126.0,24.550000000000182,0,51,12
479,8119.8,8110.6,20.050000000000182,1,51,12
480,8078.2,8105.85,49.75,2,51,12
481,8029.25,8043.85,56.650000000000546,3,51,12
482,7984.25,7970.35,-19.5,4,51,12
483,7928.55,7965.1,52.650000000000546,0,52,12
484,7916.3,7915.05,-115.84999999999945,1,52,12
485,8050.35,8047.55,10.800000000000182,2,52,12
486,8053.25,8030.6,-74.5,3,52,12
487,8145.55,8119.65,-54.600000000000364,4,52,12
488,8150.9,8210.1,30.900000000000546,0,1,1
489,8160.8,8195.25,6.199999999999818,1,1,1
490,8203.9,8200.8,4.449999999998909,2,1,1
491,8233.6,8226.65,-43.850000000000364,3,1,1
492,8300.8,8283.0,34.79999999999927,4,1,1
493,8257.65,8259.1,24.55000000000109,0,2,1
494,8283.55,8262.7,-27.599999999998545,1,2,1
495,8330.9,8329.85,-44.44999999999891,2,2,1
496,8401.05,8391.05,-18.100000000000364,3,2,1
497,8421.55,8457.65,59.850000000000364,4,2,1
498,8390.25,8390.95,-27.75,0,3,1
499,8433.75,8415.05,26.25,1,3,1
500,8435.15,8408.95,-4.799999999999272,2,3,1
501,8424.4,8418.4,-12.800000000001091,3,3,1
502,8412.85,8404.35,60.5,4,3,1
503,8348.1,8329.6,-68.39999999999964,0,4,1
504,8422.75,8407.05,-69.70000000000073,1,4,1
505,8511.55,8499.45,-98.04999999999927,2,4,1
506,8644.15,8610.5,-31.450000000000728,4,4,1
507,8644.1,8635.45,1.75,0,5,1
508,8594.1,8629.45,72.90000000000146,1,5,1
509,8569.6,8570.35,-145.14999999999964,2,5,2
510,8696.15,8725.15,2.850000000000364,3,5,2
511,8732.45,8735.15,-3.399999999999636,4,5,2
512,8785.0,8785.45,-10.649999999999636,0,6,2
513,8798.1,8805.7,34.95000000000073,1,6,2
514,8772.9,8774.55,-1.25,2,6,2
515,8814.45,8795.55,9.0,3,6,2
516,8796.8,8812.35,18.30000000000109,4,6,2
517,8796.55,8818.85,16.80000000000109,0,7,2
518,8785.0,8819.9,35.75,1,7,2
519,8793.2,8777.65,49.44999999999891,2,7,2
520,8736.65,8739.0,-38.79999999999927,3,7,2
521,8846.75,8883.7,66.75,4,7,2
522,8812.15,8818.55,-65.70000000000073,0,8,2
523,8880.0,8890.75,-12.5,1,8,2
524,8934.95,8931.45,1.3500000000003638,2,8,2
525,8942.0,8952.55,11.349999999998545,3,8,2
526,8942.75,8943.7,47.25,0,9,2
527,8907.5,8898.95,23.75,1,9,2
528,8917.95,8904.4,-37.399999999999636,2,9,3
529,8974.9,8982.85,88.95000000000073,3,9,3
530,8893.95,8885.55,-16.650000000001455,4,9,3
531,8932.65,8915.1,-47.5,0,10,3
532,8966.1,8977.75,32.79999999999927,1,10,3
533,8953.7,8950.7,26.850000000000364,2,10,3
534,8911.1,8914.5,-13.299999999999272,3,10,3
535,8957.3,8953.7,16.850000000000364,4,10,3
536,9067.45,9091.65,18.299999999999272,1,11,3
537,9089.65,9086.85,4.25,2,11,3
538,9149.5,9129.65,-27.649999999999636,3,11,3
539,9180.35,9207.8,55.649999999999636,4,11,3
540,9132.65,9166.95,37.400000000001455,0,12,3
541,9140.5,9133.95,7.850000000000364,1,12,3
542,9066.85,9047.2,19.55000000000109,2,12,3
543,9061.35,9048.75,-33.04999999999927,3,12,3
544,9099.4,9104.0,3.600000000000364,4,12,3
545,9082.7,9093.45,40.55000000000109,0,13,3
546,9092.7,9081.5,-26.799999999999272,1,13,3
547,9115.2,9128.7,-16.349999999998545,2,13,3
548,9155.65,9142.6,-16.350000000000364,3,13,3
549,9166.8,9158.9,-11.800000000001091,4,13,3
550,9200.5,9220.6,-22.399999999999636,0,14,4
551,9234.6,9264.4,7.5,2,14,4
552,9240.45,9245.8,-10.850000000000364,3,14,4
553,9233.25,9223.7,26.80000000000109,4,14,4
554,9211.55,9225.6,48.80000000000109,0,15,4
555,9185.8,9184.55,-49.25,1,15,4
556,9241.75,9242.5,41.45000000000073,2,15,4
557,9180.15,9202.5,55.20000000000073,3,15,4
558,9140.6,9144.75,5.399999999999636,0,16,4
559,9186.85,9163.0,62.54999999999927,1,16,4
560,9091.55,9112.2,-1.8499999999985448,2,16,4
561,9121.55,9108.1,-28.0,3,16,4
562,9163.0,9179.1,59.80000000000109,4,16,4
563,9151.05,9135.35,-82.35000000000036,0,17,4
564,9256.95,9273.05,-30.700000000000728,1,17,4
565,9336.5,9336.2,-7.899999999999636,2,17,4
566,9352.15,9359.15,30.44999999999891,3,17,4
567,9307.25,9340.95,36.30000000000109,4,17,4
568,9337.6,9339.85,22.55000000000109,1,18,5
569,9336.15,9344.7,40.70000000000073,2,18,5
570,9349.25,9360.95,4.200000000000728,3,18,5
571,9334.9,9374.55,96.94999999999891,4,18,5
572,9306.0,9311.45,0.7000000000007276,0,19,5
573,9327.5,9337.35,20.05000000000109,1,19,5
574,9356.7,9339.65,-72.80000000000109,2,19,5
575,9435.4,9448.6,36.20000000000073,3,19,5
576,9418.25,9436.65,28.100000000000364,4,19,5
577,9433.0,9433.55,-12.050000000001091,0,20,5
578,9482.15,9461.0,-49.25,1,20,5
579,9499.5,9517.6,1.0500000000010914,2,20,5
580,9487.15,9453.2,29.450000000000728,3,20,5
581,9478.5,9469.9,34.5,4,20,5
582,9471.9,9480.25,42.25,0,21,5
583,9408.75,9445.05,65.64999999999964,1,21,5
584,9411.9,9410.9,40.75,2,21,5
585,9384.7,9384.05,-117.20000000000073,3,21,5
586,9530.3,9507.75,-73.14999999999964,4,21,5
587,9616.85,9560.05,-38.400000000001455,0,22,5
588,9602.15,9590.65,-35.20000000000073,1,22,5
589,9624.2,9636.55,10.849999999998545,2,22,5
590,9611.25,9603.55,-13.050000000001091,3,22,6
591,9657.5,9657.15,14.799999999999272,4,22,6
592,9653.65,9656.3,-20.150000000001455,0,23,6
593,9686.75,9704.25,67.35000000000036,1,23,6
594,9659.55,9663.95,1.8000000000010914,2,23,6
595,9674.55,9682.4,39.69999999999891,3,23,6
596,9636.0,9638.55,-28.100000000000364,4,23,6
597,9634.55,9646.7,28.600000000000364,0,24,6
598,9641.3,9615.55,18.049999999999272,1,24,6
599,9606.2,9621.55,8.549999999999272,2,24,6
600,9603.2,9617.9,43.75,3,24,6
601,9597.65,9595.45,17.450000000000728,4,24,6
602,9637.15,9626.4,-27.75,0,25,6
603,9667.5,9670.5,20.549999999999272,1,25,6
604,9627.6,9648.1,11.649999999999636,2,25,6
605,9668.65,9642.65,18.649999999999636,3,25,6
606,9615.85,9643.25,67.10000000000036,4,25,6
607,9595.0,9594.05,84.25,1,26,6
608,9513.9,9520.2,27.400000000001455,2,26,6
609,9541.3,9522.95,28.700000000000728,3,26,6
610,9455.75,9478.5,-46.45000000000073,4,26,6
611,9551.9,9587.95,-27.599999999998545,0,27,7
612,9629.7,9645.9,35.25,1,27,7
613,9610.8,9619.75,-21.600000000000364,2,27,7
614,9650.05,9653.6,-15.350000000000364,3,27,7
615,9660.65,9670.35,5.0,4,27,7
616,9684.05,9698.25,-63.95000000000073,0,28,7
617,9792.5,9797.45,11.050000000001091,1,28,7
618,9819.95,9807.3,-15.550000000001091,2,28,7
619,9874.05,9855.8,-30.450000000000728,3,28,7
620,9879.35,9913.3,26.599999999998545,4,28,7
621,9911.65,9908.15,-5.5,0,29,7
622,9871.55,9832.7,4.25,1,29,7
623,9857.1,9855.95,-46.099999999998545,2,29,7
624,9911.1,9920.2,49.30000000000109,3,29,7
625,9890.8,9899.6,-14.549999999999272,4,29,7
626,9931.9,9936.8,-28.75,0,30,7
627,9977.5,10010.55,45.75,1,30,7
628,9987.45,9983.65,-36.649999999999636,2,30,7
629,10076.6,10063.25,42.649999999999636,3,30,7
630,9971.45,9996.55,-6.400000000001455,4,30,7
631,10032.95,10034.7,-42.25,0,31,7
632,10096.35,10101.05,-19.30000000000109,1,31,8
633,10118.5,10136.3,78.19999999999891,2,31,8
634,10063.35,10081.15,77.29999999999927,3,31,8
635,10010.15,10008.6,-59.899999999999636,4,31,8
636,10087.05,10074.8,25.19999999999891,0,32,8
637,10075.3,10068.35,91.25,1,32,8
638,9936.15,9961.15,60.850000000000364,2,32,8
639,9868.75,9872.85,22.850000000000364,3,32,8
640,9712.15,9712.15,-0.8000000000010914,4,32,8
641,9773.85,9755.75,-35.100000000000364,0,33,8
642,9810.0,9825.85,-74.79999999999927,2,33,8
643,9924.85,9945.55,41.69999999999891,3,33,8
644,9844.9,9865.95,31.5,4,33,8
645,9876.0,9864.25,112.79999999999927,0,34,8
646,9807.7,9815.75,40.649999999999636,1,34,8
647,9796.65,9803.05,-44.55000000000109,2,34,8
648,9864.9,9881.2,15.5,3,34,8
649,9889.65,9907.15,-4.75,0,35,8
650,9864.2,9886.4,93.39999999999964,1,35,8
651,9864.6,9859.5,-26.850000000000364,2,35,8
652,9875.6,9905.7,-10.099999999998545,3,35,8
653,9933.45,9937.65,-33.399999999999636,4,35,9
654,9956.6,9984.15,79.79999999999927,0,36,9
655,9929.65,9933.25,-13.25,1,36,9
656,9903.95,9899.25,-15.899999999999636,2,36,9
657,9955.05,9945.85,21.850000000000364,3,36,9
658,9956.7,9958.65,34.25,4,36,9
659,9985.95,9971.75,-34.20000000000073,0,37,9
660,10045.35,10056.85,-30.75,1,37,9
661,10100.45,10099.25,13.549999999999272,2,37,9
662,10110.05,10107.4,20.399999999999636,3,37,9
663,10078.3,10062.35,-23.049999999999272,4,37,9
664,10156.25,10133.1,-21.299999999999272,0,38,9
665,10147.85,10175.6,26.25,1,38,9
666,10152.6,10160.95,21.400000000001455,2,38,9
667,10158.45,10139.6,16.0,3,38,9
668,10051.0,10094.35,130.75,4,38,9
669,9898.5,9960.1,84.5,0,39,9
670,9860.2,9875.25,20.0,1,39,9
671,9878.4,9920.6,182.3000000000011,2,39,9
672,9710.2,9736.4,-23.80000000000109,3,39,9
673,9822.95,9814.3,31.349999999998545,4,39,9
674,9841.55,9893.3,38.54999999999927,1,40,10
675,9864.65,9884.35,-40.149999999999636,2,40,10
676,9929.5,9927.0,39.899999999999636,3,40,10
677,9933.95,9908.15,-79.05000000000109,4,40,10
678,9983.65,9988.2,0.25,0,41,10
679,10021.95,10013.7,-0.09999999999854481,1,41,10
680,10055.8,10042.6,72.5,2,41,10
681,9997.05,10011.2,-86.79999999999927,3,41,10
682,10145.45,10123.7,-38.04999999999927,4,41,10
683,10236.95,10207.4,-25.649999999999636,0,42,10
684,10225.2,10227.65,-10.700000000000728,1,42,10
685,10191.45,10209.4,-5.399999999999636,2,42,10
686,10192.5,10210.35,84.39999999999964,3,42,10
687,10208.85,10176.65,-14.649999999999636,0,43,10
688,10197.0,10218.55,10.849999999998545,1,43,10
689,10257.5,10321.15,27.399999999999636,2,43,10
690,10282.7,10291.8,-44.5,3,43,10
691,10340.65,10362.3,43.099999999998545,4,43,10
692,10366.2,10353.85,-11.399999999999636,0,44,10
693,10357.2,10364.9,24.899999999999636,1,44,10
694,10407.15,10390.35,-51.19999999999891,2,44,11
695,10447.35,10440.5,15.049999999999272,3,44,11
696,10447.25,10461.55,7.899999999999636,4,44,11
697,10442.25,10431.75,-4.049999999999272,0,45,11
698,10470.0,10477.15,125.75,1,45,11
699,10376.6,10361.95,48.150000000001455,2,45,11
700,10358.2,10358.65,34.04999999999927,3,45,11
701,10278.0,10304.35,-30.049999999999272,4,45,11
702,10298.05,10322.0,99.39999999999964,0,46,11
703,10241.85,10223.4,41.75,1,46,11
704,10159.5,10171.95,42.400000000001455,2,46,11
705,10158.05,10152.9,-78.55000000000109,3,46,11
706,10324.4,10324.55,49.79999999999927,4,46,11
707,10291.75,10287.2,-9.849999999998545,0,47,11
708,10331.6,10329.25,8.0,1,47,11
709,10361.05,10350.8,3.9499999999989086,2,47,11
710,10342.75,10358.45,7.5,3,47,11
711,10375.9,10366.8,-26.5,4,47,11
712,10363.1,10361.05,-43.600000000000364,0,48,11
713,10385.25,10387.9,24.100000000000364,1,48,11
714,10380.4,10376.65,26.0,2,48,11
715,10307.6,10332.7,103.25,3,48,11
716,10247.55,10263.7,143.90000000000146,4,48,12
717,10112.1,10175.05,37.149999999999636,0,49,12
718,10086.8,10118.25,-3.899999999999636,1,49,12
719,10094.6,10088.8,49.149999999999636,2,49,12
720,10074.85,10063.45,-109.25,3,49,12
721,10219.85,10198.45,-69.39999999999964,4,49,12
722,10320.0,10310.5,-15.549999999999272,0,50,12
723,10290.1,10324.9,83.14999999999964,1,50,12
724,10231.15,10236.6,33.850000000000364,2,50,12
725,10211.1,10229.3,-29.55000000000109,3,50,12
726,10346.55,10345.65,18.850000000000364,4,50,12
727,10214.05,10263.1,-127.69999999999891,0,51,12
728,10411.05,10414.8,-54.70000000000073,1,51,12
729,10471.65,10494.4,51.19999999999891,2,51,12
730,10467.0,10473.95,44.30000000000109,3,51,12
731,10465.55,10457.3,-29.30000000000109,4,51,12
732,10501.65,10512.3,-13.300000000001091,1,52,12
733,10527.25,10531.05,55.94999999999891,2,52,12
734,10506.9,10498.2,31.200000000000728,3,52,12
735,10512.4,10492.35,-34.100000000000364,4,52,12
736,10523.25,10531.7,99.25,0,1,1
737,10475.75,10477.55,38.0,1,1,1
738,10471.55,10482.65,35.899999999999636,2,1,1
739,10457.6,10469.4,-35.95000000000073,3,1,1
740,10540.85,10534.25,-27.100000000000364,4,1,1
741,10606.3,10591.7,-26.149999999999636,0,2,1
742,10627.1,10645.1,16.80000000000109,1,2,1
743,10637.2,10652.05,26.649999999999636,2,2,1
744,10621.45,10637.05,-13.350000000000364,3,2,1
745,10686.1,10682.55,15.25,4,2,1
746,10725.7,10718.5,-14.350000000000364,0,3,1
747,10749.7,10761.5,50.350000000000364,1,3,1
748,10698.45,10702.45,-91.84999999999854,2,3,1
749,10877.45,10873.4,51.29999999999927,3,3,1
750,10827.05,10829.2,-70.84999999999854,4,3,1
751,10916.5,10883.2,-75.54999999999927,0,4,1
752,11022.05,10997.4,-86.14999999999964,1,4,1
753,11101.1,11069.35,-15.299999999999272,2,4,1
754,11075.95,11095.6,31.05000000000109,3,4,1
755,11135.1,11079.35,-45.350000000000364,0,5,1
756,11091.0,11120.85,71.39999999999964,1,5,1
757,11047.5,11018.8,-11.900000000001455,2,5,1
758,11058.6,11044.55,23.94999999999891,3,5,2
759,10937.85,10938.2,200.70000000000073,4,5,2
760,10611.35,10604.3,-86.45000000000073,0,6,2
761,10400.8,10295.15,-225.20000000000073,1,6,2
762,10566.4,10607.2,147.70000000000073,2,6,2
763,10518.55,10518.5,-60.79999999999927,3,6,2
764,10432.6,10416.5,-50.29999999999927,4,6,2
765,10530.7,10518.2,-16.899999999999636,0,7,2
766,10568.65,10585.75,125.95000000000073,2,7,2
767,10538.4,10537.9,-11.800000000001091,3,7,2
768,10597.35,10596.2,144.35000000000036,4,7,2
769,10440.4,10488.9,100.94999999999891,0,8,2
770,10382.25,10391.0,33.350000000000364,1,8,2
771,10384.05,10426.0,30.850000000000364,2,8,2
772,10354.5,10354.35,-23.44999999999891,3,8,2
773,10417.7,10408.1,-84.44999999999891,4,8,2
774,10543.05,10526.55,-50.150000000001455,0,9,2
775,10622.2,10615.2,64.15000000000146,1,9,2
776,10480.4,10488.95,1.0,2,9,2
777,10513.95,10479.95,30.0,3,9,3
778,10378.5,10428.3,71.0,0,10,3
779,10435.9,10420.5,196.89999999999964,1,10,3
780,10217.55,10232.95,69.40000000000146,2,10,3
781,10222.7,10216.25,-20.100000000000364,3,10,3
782,10254.3,10271.3,41.5,4,10,3
783,10315.0,10301.6,-121.94999999999891,0,11,3
784,10428.85,10389.5,-35.70000000000073,1,11,3
785,10385.95,10393.05,-22.600000000000364,2,11,3
786,10397.9,10405.45,53.20000000000073,3,11,3
787,10312.45,10345.15,125.10000000000036,4,11,3
788,10184.3,10215.35,121.39999999999964,0,12,3
789,10082.15,10051.55,-86.65000000000146,1,12,3
790,10190.35,10181.95,27.0,2,12,3
791,10183.05,10167.5,60.850000000000364,3,12,3
792,9971.9,9968.8,-18.0,4,12,3
793,10005.55,9989.15,-151.64999999999964,0,13,3
794,10188.1,10188.0,4.450000000000728,1,13,3
795,10124.65,10143.6,22.350000000000364,2,13,3
796,10158.1,10151.65,-65.35000000000036,0,14,4
797,10218.25,10186.85,-57.54999999999927,1,14,4
798,10249.55,10274.6,154.70000000000073,2,14,4
799,10254.6,10228.45,-99.19999999999891,3,14,4
800,10314.2,10322.75,1.7999999999992724,4,14,4
801,10372.8,10333.7,-39.649999999999636,0,15,4
802,10416.45,10412.9,11.549999999999272,1,15,4
803,10407.55,10428.15,14.100000000000364,2,15,4
804,10406.4,10410.65,-43.5,3,15,4
805,10482.15,10495.3,11.599999999998545,4,15,4
806,10468.05,10398.3,-132.40000000000146,0,16,4
807,10521.55,10557.3,9.75,1,16,4
808,10562.85,10578.9,42.25,2,16,4
809,10562.65,10563.65,-4.450000000000728,3,16,4
810,10559.15,10560.35,-19.5,4,16,4
811,10559.8,10592.8,10.0,0,17,4
812,10602.75,10578.1,-42.25,1,17,4
813,10598.25,10612.4,47.850000000000364,2,17,4
814,10580.65,10586.5,-29.049999999999272,3,17,4
815,10688.35,10651.65,-43.05000000000109,4,17,4
816,10751.75,10705.75,-35.149999999999636,0,18,4
817,10754.0,10783.85,67.05000000000109,2,18,5
818,10695.95,10720.15,50.350000000000364,3,18,5
819,10659.0,10700.45,85.60000000000036,4,18,5
820,10651.95,10653.15,-69.60000000000036,0,19,5
821,10736.6,10757.9,43.600000000000364,1,19,5
822,10709.55,10693.35,-55.19999999999891,2,19,5
823,10770.3,10779.65,69.29999999999927,3,19,5
824,10738.05,10741.95,-56.599999999998545,4,19,5
825,10821.25,10815.15,18.049999999999272,0,20,5
826,10863.5,10812.6,8.550000000001091,1,20,5
827,10740.15,10751.95,9.200000000000728,2,20,5
828,10764.4,10775.6,98.0,3,20,5
829,10655.65,10671.85,67.39999999999964,4,20,5
830,10590.9,10616.7,96.35000000000036,0,21,5
831,10499.35,10518.45,-24.799999999999272,1,21,5
832,10518.25,10521.1,92.55000000000109,2,21,5
833,10465.75,10464.85,-68.5,3,21,5
834,10558.7,10533.05,-78.15000000000146,4,21,5
835,10669.0,10648.35,-34.75,0,22,5
836,10673.1,10689.4,58.44999999999891,1,22,5
837,10566.05,10579.0,-37.70000000000073,2,22,5
838,10653.3,10670.1,-61.79999999999927,3,22,5
839,10746.0,10738.45,52.0,4,22,6
840,10720.25,10765.95,141.40000000000146,0,23,6
841,10609.1,10630.7,24.950000000000728,1,23,6
842,10594.15,10603.45,-84.39999999999964,2,23,6
843,10760.85,10722.6,-39.600000000000364,3,23,6
844,10736.7,10736.4,-22.950000000000728,4,23,6
845,10808.7,10781.85,-0.1000000000003638,0,24,6
846,10801.55,10816.15,-36.20000000000073,1,24,6
847,10873.7,10887.5,32.45000000000073,2,24,6
848,10827.1,10832.9,22.799999999999272,3,24,6
849,10814.55,10808.65,-7.200000000000728,4,24,6
850,10820.1,10830.2,35.150000000001455,0,25,6
851,10753.4,10789.45,78.15000000000146,1,25,6
852,10744.1,10734.65,-38.649999999999636,2,25,6
853,10789.15,10808.45,66.5,3,25,6
854,10737.8,10742.7,-81.64999999999964,4,25,6
855,10807.7,10822.9,64.64999999999964,0,26,6
856,10753.4,10742.7,-21.349999999998545,1,26,6
857,10765.25,10785.5,118.04999999999927,2,26,6
858,10637.65,10660.8,66.89999999999964,3,26,6
859,10635.35,10612.85,-98.54999999999927,4,26,6
860,10685.3,10732.35,80.60000000000036,0,27,7
861,10653.4,10668.6,-39.25,1,27,7
862,10690.2,10715.0,-56.649999999999636,2,27,7
863,10766.5,10786.05,32.649999999999636,3,27,7
864,10769.0,10744.15,-25.850000000000364,4,27,7
865,10830.0,10838.3,-12.75,0,28,7
866,10904.35,10902.75,-44.350000000000364,1,28,7
867,10942.3,10956.4,14.199999999998909,2,28,7
868,11024.5,11006.95,-8.349999999998545,3,28,7
869,11051.4,11056.9,34.94999999999891,4,28,7
870,10999.0,11018.95,78.25,0,29,7
871,10964.65,10939.65,-75.5,1,29,7
872,11045.6,11060.2,76.75,2,29,7
873,10975.35,10999.5,32.29999999999927,3,29,7
874,10964.55,10963.5,-48.45000000000073,4,29,7
875,11049.45,11019.85,-59.19999999999891,0,30,7
876,11123.65,11109.0,-24.149999999999636,1,30,7
877,11137.15,11148.4,25.5,2,30,7
878,11164.5,11132.95,-51.29999999999927,3,30,7
879,11229.3,11232.75,-40.850000000000364,4,30,7
880,11289.6,11296.65,-16.25,0,31,7
881,11301.6,11311.05,-46.20000000000073,1,31,7
882,11378.75,11359.8,38.44999999999891,2,31,8
883,11313.35,11328.9,90.75,3,31,8
884,11309.95,11297.8,-64.45000000000073,4,31,8
885,11422.45,11401.5,12.25,0,32,8
886,11400.6,11423.15,34.04999999999927,1,32,8
887,11395.2,11412.5,-42.70000000000073,2,32,8
888,11477.8,11493.25,22.149999999999636,3,32,8
889,11453.35,11474.95,53.650000000001455,4,32,8
890,11354.7,11369.6,6.25,0,33,8
891,11398.55,11381.7,-52.0,1,33,8
892,11400.55,11397.15,5.949999999998909,3,33,8
893,11445.1,11437.15,-28.399999999999636,4,33,8
894,11518.0,11502.1,-52.44999999999891,0,34,8
895,11557.5,11576.2,4.950000000000728,1,34,8
896,11591.2,11620.7,42.20000000000073,3,34,8
897,11589.45,11566.6,10.300000000001091,4,34,8
898,11646.15,11605.85,-90.94999999999891,0,35,8
899,11734.75,11731.95,-11.799999999999272,1,35,8
900,11746.65,11744.95,58.0,2,35,8
901,11677.55,11694.75,15.200000000000728,3,35,8
902,11705.05,11675.85,0.3999999999996362,4,35,8
903,11690.5,11751.8,180.75,0,36,9
904,11562.9,11598.75,75.60000000000036,1,36,9
905,11532.4,11514.85,43.55000000000109,2,36,9
906,11475.0,11514.15,-5.0,3,36,9
907,11504.5,11558.25,-27.799999999999272,4,36,9
908,11559.7,11570.25,130.75,0,37,9
909,11439.6,11476.85,194.85000000000036,1,37,9
910,11301.6,11340.1,-30.100000000000364,2,37,9
911,11445.25,11443.5,-67.25,4,37,9
912,11420.55,11464.95,93.35000000000036,0,38,9
913,11401.0,11381.55,99.29999999999927,1,38,9
914,11312.5,11326.65,89.5,2,38,9
915,11317.45,11271.3,110.75,4,38,9
916,11103.45,11164.4,189.6999999999989,0,39,9
917,10922.1,10969.95,-110.09999999999854,1,39,9
918,11089.45,11145.55,98.5,2,39,9
919,11075.1,11079.8,93.84999999999854,3,39,9
920,10952.8,11008.1,76.35000000000036,4,39,9
921,10886.05,10930.9,-83.70000000000073,0,40,10
922,10965.7,10982.7,132.25,2,40,10
923,10708.15,10754.7,202.0,3,40,10
924,10512.55,10514.1,250.5500000000011,4,40,10
925,10225.05,10310.15,-42.600000000000364,0,41,10
926,10358.5,10390.3,98.5,1,41,10
927,10347.65,10331.85,-130.85000000000036,2,41,10
928,10193.2,10169.8,-78.5,3,41,10
929,10389.3,10331.55,-133.65000000000146,4,41,10
930,10464.7,10524.2,6.5,0,42,10
931,10573.6,10550.15,-26.30000000000109,1,42,10
932,10661.85,10688.7,230.25,2,42,10
933,10363.4,10339.7,23.150000000001455,4,42,10
934,10335.3,10405.85,153.3000000000011,0,43,10
935,10168.25,10152.6,-31.75,1,43,10
936,10242.3,10278.15,38.25,2,43,10
937,10141.7,10135.05,-4.25,3,43,10
938,10041.4,10122.35,109.70000000000073,4,43,10
939,10056.65,10078.1,-170.9499999999989,0,44,10
940,10256.35,10239.4,49.19999999999891,1,44,10
941,10224.9,10209.55,-152.45000000000073,2,44,10
942,10389.8,10441.7,60.55000000000109,3,44,11
943,10501.85,10462.3,-94.90000000000146,4,44,11
944,10523.45,10558.75,32.600000000000364,0,45,11
945,10583.5,10552.0,31.600000000000364,1,45,11
946,10594.8,10614.45,14.200000000000728,2,45,11
947,10567.15,10614.7,33.150000000001455,4,45,11
948,10628.65,10607.8,128.25,0,46,11
949,10471.45,10451.9,-129.3000000000011,1,46,11
950,10638.35,10634.9,66.75,2,46,11
951,10588.9,10580.6,-20.75,3,46,11
952,10643.8,10644.0,-36.850000000000364,4,46,11
953,10725.6,10731.25,-39.100000000000364,0,47,11
954,10719.95,10740.1,92.55000000000109,1,47,11
955,10653.4,10670.95,65.65000000000146,2,47,11
956,10625.8,10612.65,90.35000000000036,3,47,11
957,10540.7,10568.3,-64.75,0,48,11
958,10609.7,10621.45,-63.79999999999927,1,48,11
959,10719.35,10708.75,-12.799999999999272,2,48,11
960,10796.2,10808.7,-67.14999999999964,3,48,11
961,10900.35,10892.1,9.300000000001091,4,48,11
962,10906.95,10930.7,40.900000000001455,0,49,12
963,10851.75,10877.1,7.399999999999636,1,49,12
964,10799.3,10820.45,30.100000000000364,2,49,12
965,10689.5,10718.15,124.19999999999891,3,49,12
966,10641.45,10644.8,-57.400000000001455,4,49,12
967,10527.55,10523.35,46.05000000000109,0,50,12
968,10349.7,10359.75,-198.14999999999964,1,50,12
969,10618.65,10589.2,-147.6999999999989,2,50,12
970,10811.9,10791.45,2.9500000000007276,3,50,12
971,10771.7,10784.5,-17.850000000000364,4,50,12
972,10855.45,10853.2,-31.849999999998545,0,51,12
973,10842.6,10848.6,-65.25,1,51,12
974,10949.45,10930.55,-30.650000000001455,2,51,12
975,10918.15,10885.2,-75.29999999999927,3,51,12
976,10955.95,10944.25,189.39999999999964,4,51,12
977,10770.3,10780.9,108.94999999999891,0,52,12
978,10586.55,10635.45,-106.5,2,52,12
979,10800.2,10817.9,43.399999999999636,3,52,12
980,10846.45,10820.95,-37.94999999999891,4,52,12
981,10880.7,10913.2,51.350000000000364,0,1,12
982,10850.45,10881.7,-32.25,1,1,1
983,10868.25,10868.85,86.95000000000073,2,1,1
984,10758.7,10796.8,129.09999999999854,3,1,1
985,10704.7,10699.7,-31.0,4,1,1
986,10809.45,10804.85,34.20000000000073,0,2,1
987,10756.4,10786.25,-2.350000000000364,1,2,1
988,10853.5,10862.4,12.600000000000364,2,2,1
989,10840.15,10859.35,43.600000000000364,3,2,1
990,10827.75,10834.75,51.20000000000073,4,2,1
991,10737.35,10807.0,65.95000000000073,0,3,1
992,10802.25,10777.55,-107.0,1,3,1
993,10920.65,10899.65,11.049999999999272,2,3,1
994,10909.05,10920.85,30.75,3,3,1
995,10884.95,10914.85,7.5,4,3,1
996,10915.0,10919.35,-30.049999999999272,0,4,1
997,10919.7,10949.8,32.349999999998545,1,4,1
998,10936.6,10931.05,108.89999999999964,2,4,1
999,10820.15,10844.05,-14.900000000001455,3,4,1
1000,10924.45,10859.75,84.29999999999927,4,4,1
1001,10773.1,10792.45,116.65000000000146,0,5,1
1002,10658.65,10653.7,-25.399999999999636,1,5,1
1003,10694.7,10702.25,62.0,2,5,1
1004,10700.25,10690.55,-126.80000000000109,3,5,1
1005,10858.3,10851.35,-41.399999999999636,4,5,2
1006,10866.75,10876.75,-32.29999999999927,0,6,2
1007,10899.35,10908.65,-27.0,1,6,2
1008,11010.25,10965.1,-103.35000000000036,2,6,2
1009,11100.2,11070.45,16.05000000000109,3,6,2
1010,11020.65,11023.5,90.89999999999964,4,6,2
1011,10879.75,10930.9,31.0,0,7,2
1012,10886.6,10879.7,51.30000000000109,1,7,2
1013,10869.05,10870.55,96.29999999999927,2,7,2
1014,10765.4,10786.1,26.30000000000109,3,7,2
1015,10718.25,10780.25,51.45000000000073,4,7,2
1016,10685.65,10738.65,107.35000000000036,0,8,2
1017,10663.7,10636.7,31.55000000000109,1,8,2
1018,10675.75,10655.45,-86.79999999999927,2,8,2
1019,10740.8,10744.1,-47.850000000000364,3,8,2
1020,10768.6,10782.7,-7.0,4,8,2
1021,10811.3,10813.25,-65.89999999999964,0,9,2
1022,10805.35,10775.3,-53.70000000000073,1,9,2
1023,10905.55,10881.2,87.30000000000109,2,9,2
1024,10828.3,10865.7,63.900000000001455,3,9,2
1025,10862.0,10842.65,-19.0,4,9,3
1026,10847.75,10864.85,-120.85000000000036,1,10,3
1027,11047.35,11024.85,-24.25,2,10,3
1028,11062.35,11077.95,24.900000000001455,3,10,3
1029,11038.05,11038.85,2.25,4,10,3
1030,11109.0,11068.75,-107.10000000000036,0,11,3
1031,11254.5,11231.35,-58.850000000000364,1,11,3
1032,11300.1,11326.2,-16.149999999999636,2,11,3
1033,11382.15,11382.5,35.70000000000073,3,11,3
1034,11404.3,11376.85,-55.0,4,11,3
1035,11517.4,11473.85,-5.600000000000364,0,12,3
1036,11480.15,11500.3,-39.600000000000364,1,12,3
1037,11522.3,11551.95,35.30000000000109,2,12,3
1038,11541.15,11545.2,82.60000000000036,4,12,3
1039,11368.55,11383.95,33.20000000000073,0,13,3
1040,11373.7,11375.2,-117.79999999999927,1,13,3
1041,11528.75,11531.45,97.65000000000146,2,13,3
1042,11479.4,11463.65,-117.85000000000036,3,13,3
1043,11610.5,11625.45,14.050000000001091,4,13,3
1044,11691.55,11665.2,9.600000000000364,0,14,4
1045,11672.8,11711.55,-13.400000000001455,1,14,4
1046,11744.0,11735.3,97.59999999999854,2,14,4
1047,11639.5,11660.2,55.650000000001455,3,14,4
1048,11660.2,11638.4,-45.70000000000073,4,14,4
1049,11684.8,11704.35,103.89999999999964,0,15,4
1050,11599.15,11612.05,-65.15000000000146,1,15,4
1051,11675.3,11646.85,64.10000000000036,2,15,4
1052,11591.4,11592.55,-10.450000000000728,3,15,4
1053,11617.4,11612.85,-18.69999999999891,4,15,4
1054,11666.95,11667.0,-20.649999999999636,0,16,4
1055,11748.0,11736.2,-59.099999999998545,1,16,4
1056,11822.35,11856.15,109.29999999999927,3,16,4
1057,11689.35,11727.05,135.64999999999964,0,17,4
1058,11634.05,11612.95,33.75,1,17,4
1059,11599.05,11601.5,-123.25,2,17,4
1060,11745.75,11735.7,84.20000000000073,3,17,4
1061,11664.9,11683.75,-64.95000000000073,4,17,4
1062,11712.9,11748.75,9.649999999999636,1,18,4
1063,11703.9,11725.55,6.75,3,18,5
1064,11741.65,11722.6,12.700000000000728,4,18,5
1065,11610.0,11605.8,13.549999999999272,0,19,5
1066,11639.0,11651.5,156.04999999999927,1,19,5
1067,11433.35,11478.7,117.10000000000036,2,19,5
1068,11312.65,11322.4,24.5,3,19,5
1069,11326.95,11314.15,57.350000000000364,4,19,5
1070,11260.45,11258.7,104.0,0,20,5
1071,11153.8,11151.65,-87.64999999999964,1,20,5
1072,11251.45,11271.7,129.20000000000073,2,20,5
1073,11169.1,11180.35,-95.19999999999891,3,20,5
1074,11296.35,11261.9,-155.35000000000036,4,20,5
1075,11609.9,11651.9,-180.8000000000011,0,21,5
1076,11851.35,11863.65,151.60000000000036,1,21,5
1077,11743.85,11727.95,-27.049999999999272,2,21,5
1078,11946.65,11901.3,218.79999999999927,3,21,5
1079,11726.85,11748.0,-97.29999999999927,4,21,5
1080,11866.15,11855.5,-65.0,0,22,5
1081,11937.8,11958.35,17.149999999999636,1,22,5
1082,11926.25,11905.8,43.849999999998545,2,22,5
1083,11873.4,11865.3,-79.10000000000036,3,22,5
1084,12029.35,11999.8,81.54999999999927,4,22,5
1085,11965.4,11953.75,-138.60000000000036,0,23,6
1086,12068.85,12052.65,16.44999999999891,1,23,6
1087,11995.45,12039.8,191.29999999999927,3,23,6
1088,11780.2,11865.2,1.4500000000007276,4,23,6
1089,11959.8,11934.9,6.600000000000364,0,24,6
1090,11930.75,11959.85,-3.0,1,24,6
1091,11925.25,11962.45,45.150000000001455,2,24,6
1092,11884.95,11873.9,-31.649999999999636,3,24,6
1093,11873.9,11910.1,99.25,4,24,6
1094,11765.65,11844.0,170.0,0,25,6
1095,11688.25,11677.05,-23.75,1,25,6
1096,11792.55,11744.45,37.650000000001455,2,25,6
1097,11649.05,11653.65,-188.25,3,25,6
1098,11799.4,11827.6,94.64999999999964,4,25,6
1099,11747.0,11725.8,23.099999999998545,0,26,6
1100,11664.95,11681.0,-95.89999999999964,1,26,6
1101,11809.1,11768.15,-71.95000000000073,2,26,6
1102,11877.9,11860.85,17.100000000000364,3,26,6
1103,11838.3,11861.15,67.25,4,26,6
1104,11854.45,11839.9,-24.649999999999636,0,27,7
1105,11870.6,11890.3,-17.200000000000728,1,27,7
1106,11921.45,11932.15,18.600000000000364,2,27,7
1107,11941.75,11928.8,-9.5,3,27,7
1108,11980.0,11964.75,162.70000000000073,4,27,7
1109,11682.4,11770.4,206.39999999999964,0,28,7
1110,11512.5,11531.6,-21.100000000000364,1,28,7
1111,11554.85,11536.15,42.149999999999636,2,28,7
1112,11523.7,11561.45,-14.149999999999636,3,28,7
1113,11589.75,11601.15,53.5,4,28,7
1114,11594.6,11614.75,27.100000000000364,0,29,7
1115,11584.65,11596.65,-64.39999999999964,1,29,7
1116,11665.7,11670.75,-15.5,2,29,7
1117,11661.9,11675.6,74.75,3,29,7
1118,11616.6,11627.95,190.8000000000011,4,29,7
1119,11324.7,11392.85,56.850000000000364,0,30,7
1120,11328.95,11372.25,43.79999999999927,1,30,7
1121,11329.8,11322.45,54.150000000001455,2,30,7
1122,11330.9,11290.4,28.649999999999636,3,30,7
1123,11246.15,11247.45,-50.25,4,30,7
1124,11261.85,11307.5,115.35000000000036,0,31,7
1125,11244.2,11213.7,133.10000000000036,1,31,7
1126,11019.85,11034.05,-79.75,2,31,7
1127,11074.5,11060.2,68.90000000000146,3,31,8
1128,10885.25,10930.3,-70.05000000000109,4,31,8
1129,10858.2,10895.8,37.149999999999636,0,32,8
1130,10915.7,10815.4,-116.0,1,32,8
1131,10928.95,10958.1,119.35000000000036,2,32,8
1132,10880.65,10899.2,-148.79999999999927,3,32,8
1133,11117.9,11087.9,-23.149999999999636,4,32,8
1134,11073.05,11139.4,217.04999999999927,1,33,8
1135,10961.3,11003.25,-10.649999999999636,2,33,8
1136,10943.4,11043.65,1.1499999999996362,4,33,8
1137,11096.2,11094.8,39.69999999999891,0,34,8
1138,11073.9,11063.9,40.350000000000364,1,34,8
1139,11001.65,11018.15,99.0,2,34,8
1140,10887.45,10905.3,168.89999999999964,3,34,8
1141,10666.5,10699.6,-142.14999999999964,4,34,8
1142,10879.4,11000.3,-57.55000000000109,0,35,8
1143,11100.85,11106.55,-9.0,1,35,8
1144,11114.35,11101.3,57.44999999999891,2,35,8
1145,10979.15,10996.05,34.649999999999636,3,35,8
1146,10994.65,10987.8,-46.05000000000109,4,35,8
1147,10918.35,10960.95,185.10000000000036,1,36,9
1148,10765.45,10790.4,-46.45000000000073,2,36,9
1149,10893.25,10860.95,20.25,3,36,9
1150,10886.2,10883.8,-57.20000000000073,4,36,9
1151,10908.15,10936.7,-67.59999999999854,0,37,9
1152,11039.0,11028.5,9.549999999999272,2,37,9
1153,11064.0,11058.3,77.25,3,37,9
1154,11013.55,10986.8,-94.55000000000109,4,37,9
1155,11011.85,10994.85,1.75,0,38,9
1156,10982.65,11000.1,173.20000000000073,1,38,9
1157,10862.55,10872.8,24.149999999999636,2,38,9
1158,10778.3,10845.2,148.45000000000073,3,38,9
1159,10731.65,10746.8,-528.6500000000015,4,38,9
1160,11559.4,11542.7,-52.79999999999927,0,39,9
1161,11639.1,11590.7,2.400000000001455,1,39,9
1162,11512.45,11564.85,133.64999999999964,2,39,9
1163,11517.1,11469.85,-110.14999999999964,3,39,9
1164,11574.45,11556.35,43.850000000000364,4,39,9
1165,11462.05,11491.15,13.049999999999272,0,40,9
1166,11528.8,11515.4,148.04999999999927,1,40,10
1167,11301.15,11322.25,9.149999999999636,3,40,10
1168,11363.85,11388.45,224.60000000000036,4,40,10
1169,11145.15,11196.2,76.25,0,41,10
1170,11144.3,11152.95,-166.64999999999964,2,41,10
1171,11271.5,11280.5,41.25,3,41,10
1172,11319.4,11257.7,-43.54999999999927,4,41,10
1173,11305.8,11335.9,6.100000000000364,0,42,10
1174,11362.45,11360.85,-69.75,1,42,10
1175,11465.8,11464.95,-6.599999999998545,2,42,10
1176,11462.75,11466.3,-116.0,3,42,10
1177,11596.9,11580.3,-81.15000000000146,4,42,10
1178,11699.1,11657.15,67.25,1,43,10
1179,11577.5,11596.2,-18.299999999999272,2,43,10
1180,11647.65,11661.65,76.5,3,43,10
1181,11592.0,11646.15,71.75,4,43,10
1182,11636.2,11658.35,30.350000000000364,6,43,10
1183,11632.55,11643.95,-146.39999999999964,1,44,10
1184,11826.6,11883.9,34.100000000000364,2,44,10
1185,11911.7,11890.45,9.25,3,44,10
1186,11909.95,11886.6,-12.899999999999636,4,44,11
1187,11965.8,11928.9,-16.25,0,45,11
1188,11935.5,11974.6,56.0,1,45,11
1189,11893.05,11911.5,-49.5,2,45,11
1190,12007.15,12021.1,5.0,3,45,11
1191,11987.25,11987.15,81.44999999999891,4,45,11
1192,11913.3,11879.2,-33.54999999999927,0,46,11
1193,11924.25,11908.3,72.75,2,46,11
1194,11814.8,11858.75,-10.450000000000728,3,46,11
1195,11933.65,11904.2,8.900000000001455,4,46,11
1196,11921.15,11915.15,20.899999999999636,0,47,11
1197,11913.5,11919.45,-36.19999999999891,1,47,11
1198,11984.25,12004.75,11.299999999999272,2,47,11
1199,11991.3,12025.65,61.600000000000364,3,47,11
1200,11954.55,11967.3,51.19999999999891,4,47,11
1201,11958.45,11922.45,-156.54999999999927,0,48,11
1202,12120.05,12110.2,63.400000000001455,1,48,11
1203,12099.65,12068.5,-43.70000000000073,2,48,11
1204,12110.65,12132.1,-23.299999999999272,3,48,11
1205,12114.7,12146.2,98.20000000000073,4,48,11
1206,12086.8,12137.05,88.79999999999927,0,49,12
1207,12032.95,12067.65,66.60000000000036,1,49,12
1208,11960.05,11969.95,-67.34999999999854,2,49,12
1209,12065.6,12071.25,63.350000000000364,3,49,12
1210,12037.0,12047.35,133.20000000000073,4,49,12
1211,11896.75,11939.1,2.149999999999636,0,50,12
1212,11923.2,11950.5,89.25,1,50,12
1213,11875.6,11867.35,-45.850000000000364,2,50,12
1214,11948.25,11944.3,-24.400000000001455,3,50,12
1215,12033.7,12031.3,-58.45000000000073,4,50,12
1216,12104.3,12131.35,70.85000000000036,0,51,12
1217,12100.35,12082.45,-91.94999999999891,1,51,12
1218,12185.75,12197.0,-30.450000000000728,2,51,12
1219,12214.15,12223.4,-36.399999999999636,3,51,12
1220,12284.0,12266.45,-1.0,4,51,12
1221,12263.3,12235.45,-30.69999999999891,0,52,12
1222,12278.3,12269.25,57.25,1,52,12
1223,12205.1,12211.85,80.95000000000073,3,52,12
1224,12160.0,12172.9,-77.80000000000109,4,52,12
1225,12275.25,12274.9,16.149999999999636,0,1,12
1226,12233.8,12247.1,70.80000000000109,1,1,12
1227,12221.65,12202.15,12.449999999998909,2,1,1
1228,12224.25,12198.55,-83.80000000000109,3,1,1
1229,12251.25,12261.1,38.899999999999636,4,1,1
1230,12096.9,12170.6,182.5,0,2,1
1231,12125.05,12079.1,18.80000000000109,1,2,1
1232,11985.65,11939.1,-82.5,2,2,1
1233,12161.2,12153.15,-61.30000000000109,3,2,1
1234,12247.95,12271.0,14.5,4,2,1
1235,12325.0,12296.7,-32.899999999999636,0,3,1
1236,12326.35,12333.1,-26.94999999999891,1,3,1
1237,12309.5,12349.4,9.049999999999272,2,3,1
1238,12364.45,12347.1,-6.949999999998909,3,3,1
1239,12348.8,12328.4,-17.700000000000728,4,3,1
1240,12372.1,12430.5,199.75,0,4,1
1241,12209.0,12195.3,25.649999999999636,1,4,1
1242,12200.85,12218.35,110.20000000000073,2,4,1
1243,12138.55,12123.75,-56.149999999999636,3,4,1
1244,12178.65,12174.55,-77.60000000000036,4,4,1
1245,12178.7,12197.1,87.20000000000073,0,5,1
1246,12134.7,12148.1,86.14999999999964,1,5,1
1247,12136.65,12114.9,-17.100000000000364,2,5,1
1248,12084.5,12147.75,123.95000000000073,3,5,1
1249,12081.2,12100.4,133.9499999999989,4,5,1
1250,11932.15,11939.0,295.35000000000036,5,5,2
1251,11683.3,11627.45,-97.14999999999964,0,6,2
1252,11835.1,11786.25,-195.04999999999927,1,6,2
1253,12006.7,12005.85,-86.10000000000036,2,6,2
1254,12127.65,12120.0,-13.25,3,6,2
1255,12117.2,12151.15,64.54999999999927,4,6,2
1256,12050.15,12102.35,67.05000000000109,0,7,2
1257,12139.9,12108.4,-2.0500000000010914,1,7,2
1258,12206.4,12151.0,-52.899999999999636,2,7,2
1259,12186.5,12219.55,50.599999999998545,3,7,2
1260,12238.5,12190.15,76.79999999999927,4,7,2
1261,12088.9,12131.8,81.64999999999964,0,8,2
1262,11976.45,12028.25,20.200000000000728,1,8,2
1263,12109.45,12090.6,-40.350000000000364,2,8,2
1264,12128.55,12119.0,35.899999999999636,3,8,2
1265,11941.1,12012.55,176.6999999999989,0,9,2
1266,11870.35,11877.5,63.149999999999636,1,9,2
1267,11734.4,11738.55,61.19999999999891,2,9,2
1268,11623.05,11661.25,41.29999999999927,3,9,2
1269,11341.2,11382.0,164.60000000000036,4,9,2
1270,11330.3,11387.35,238.14999999999964,0,10,3
1271,11288.25,11217.55,-111.60000000000036,1,10,3
1272,11302.1,11351.35,95.05000000000109,2,10,3
1273,11284.75,11306.05,48.04999999999927,3,10,3
1274,10965.3,10942.65,-38.350000000000364,4,10,3
1275,10661.7,10742.05,284.4499999999989,0,11,3
1276,10522.55,10334.3,-119.80000000000109,2,11,3
1277,9939.35,10039.95,409.3000000000011,3,11,3
1278,8624.05,9107.6,-912.8500000000004,4,11,3
1279,9424.25,9587.8,387.75,0,12,3
1280,9101.8,9285.4,320.10000000000036,1,12,3
1281,8985.6,9088.45,549.1500000000015,2,12,3
1282,7941.15,8063.3,-204.59999999999945,3,12,3
1283,8284.2,8284.45,-459.89999999999964,4,12,3
1284,8050.3,7945.7,309.0500000000002,0,13,3
1285,7811.85,7848.3,-4.149999999999636,1,13,3
1286,7881.6,7735.15,-565.3000000000011,2,13,3
1287,8476.6,8451.0,-202.5,3,13,3
1288,8982.35,8949.1,275.60000000000036,4,13,3
1289,8400.15,8385.95,94.25,0,14,3
1290,8382.0,8529.35,-26.799999999999272,1,14,3
1291,8473.2,8584.1,321.4500000000007,2,14,4
1292,8161.7,8356.55,250.09999999999945,4,14,4
1293,8370.0,8446.3,-333.0,1,15,4
1294,8793.0,8688.9,-63.5,2,15,4
1295,8971.6,8973.05,-125.5,3,15,4
1296,8992.9,9103.95,97.30000000000109,0,16,4
1297,9129.25,9196.4,253.79999999999927,2,16,4
1298,8848.25,8851.25,-165.35000000000036,3,16,4
1299,9288.35,9323.45,32.100000000000364,4,16,4
1300,9331.8,9390.2,128.20000000000073,0,17,4
1301,8987.35,9016.95,35.850000000000364,1,17,4
1302,8981.15,9026.75,-166.60000000000036,2,17,4
1303,9224.85,9232.35,-70.54999999999927,3,17,4
1304,9166.6,9163.9,-10.100000000000364,4,17,4
1305,9321.3,9259.7,-29.899999999999636,0,18,4
1306,9340.55,9389.8,-11.900000000001455,1,18,4
1307,9452.85,9408.6,-128.1999999999989,2,18,4
1308,9780.55,9753.5,-98.35000000000036,3,18,4
1309,9454.8,9533.5,227.79999999999927,0,19,5
1310,9391.6,9429.4,206.5,1,19,5
1311,9142.4,9226.8,-61.0,2,19,5
1312,9216.25,9234.05,21.099999999998545,3,19,5
1313,9328.35,9376.95,127.45000000000073,4,19,5
1314,9375.35,9348.15,100.94999999999891,0,20,5
1315,9142.4,9168.85,-40.79999999999927,1,20,5
1316,9418.1,9584.2,200.95000000000073,2,20,5
1317,9255.25,9213.95,63.75,3,20,5
1318,9129.75,9182.4,53.44999999999891,4,20,5
1319,9077.65,9158.3,327.89999999999964,0,21,5
1320,8903.75,8961.7,71.15000000000146,1,21,5
1321,8937.95,8889.15,-196.0,2,21,5
1322,9107.4,9079.45,-22.75,3,21,5
1323,9106.55,9067.9,16.399999999999636,4,21,5
1324,9118.9,9099.75,53.649999999999636,1,22,5
1325,9048.45,9082.2,-235.1999999999989,2,22,5
1326,9383.0,9364.95,-123.04999999999927,3,22,5
1327,9425.9,9422.2,-146.25,4,22,5
1328,9797.2,9726.85,-85.35000000000036,0,23,6
1329,9909.6,9880.85,-114.25,1,23,6
1330,10140.85,10108.3,40.25,2,23,6
1331,10090.45,10054.25,23.5,3,23,6
1332,10137.15,10093.8,-74.40000000000146,4,23,6
1333,10303.55,10326.75,151.5,0,24,6
1334,10175.25,10181.15,154.89999999999964,1,24,6
1335,10089.35,10072.6,-66.79999999999927,2,24,6
1336,10064.6,10094.1,183.95000000000073,3,24,6
1337,9676.4,9544.95,-413.1999999999989,4,24,6
1338,9912.7,9919.35,101.30000000000109,0,25,6
1339,9995.4,10014.8,114.0,1,25,6
1340,9875.35,9876.7,-0.1499999999996362,2,25,6
1341,9889.15,9863.25,-228.0,3,25,6
1342,10159.65,10119.0,-135.04999999999927,4,25,6
1343,10350.35,10318.75,-5.950000000000728,0,26,6
1344,10359.6,10347.95,-134.79999999999927,1,26,6
1345,10518.7,10529.25,209.20000000000073,2,26,6
1346,10237.9,10235.55,-48.80000000000109,3,26,6
1347,10394.1,10378.9,-21.950000000000728,4,26,6
1348,10302.85,10311.95,-3.149999999999636,0,27,6
1349,10387.05,10382.6,75.25,1,27,6
1350,10337.6,10323.8,-95.65000000000146,2,27,7
1351,10512.6,10493.05,-70.55000000000109,3,27,7
1352,10602.65,10614.95,12.25,4,27,7
1353,10713.5,10723.85,-46.19999999999891,0,28,7
1354,10774.55,10802.85,15.350000000000364,1,28,7
1355,10837.7,10818.65,122.5,2,28,7
1356,10745.25,10755.55,-77.90000000000146,3,28,7
1357,10791.15,10764.1,-7.100000000000364,4,28,7
1358,10876.4,10851.85,37.100000000000364,0,29,7
1359,10713.9,10750.85,140.70000000000073,1,29,7
1360,10713.85,10701.0,63.100000000000364,2,29,7
1361,10599.6,10706.2,-21.849999999998545,3,29,7
1362,10805.6,10752.0,-178.79999999999927,4,29,7
1363,11000.95,10999.45,-28.099999999998545,0,30,7
1364,11153.45,11126.1,-47.0,1,30,7
1365,11154.7,11231.2,87.55000000000109,2,30,7
1366,11167.7,11135.0,-99.60000000000036,3,30,7
1367,11157.9,11149.95,-48.0,4,30,7
1368,11154.0,11225.0,100.5,0,31,7
1369,11201.55,11154.1,-137.89999999999964,1,31,7
1370,11329.9,11276.9,79.69999999999891,2,31,7
1371,11273.75,11254.3,159.14999999999964,3,31,7
1372,11120.05,11139.5,49.350000000000364,4,31,7
1373,11003.15,11057.55,157.54999999999927,0,32,8
1374,10933.6,10946.65,-155.85000000000036,1,32,8
1375,11183.05,11155.75,35.850000000000364,2,32,8
1376,11145.55,11185.7,-21.099999999998545,3,32,8
1377,11170.4,11186.65,-30.25,4,32,8
1378,11307.0,11270.25,-4.399999999999636,0,33,8
1379,11367.35,11322.25,-9.75,1,33,8
1380,11266.65,11289.0,-21.75,2,33,8
1381,11353.9,11334.85,22.649999999999636,3,33,8
1382,11356.55,11353.3,170.25,4,33,8
1383,11217.3,11248.9,-10.75,0,34,8
1384,11310.6,11259.8,-131.40000000000146,1,34,8
1385,11442.5,11452.15,30.799999999999272,2,34,8
1386,11321.8,11317.45,9.150000000001455,3,34,8
1387,11406.3,11409.65,31.25,4,34,8
1388,11434.15,11412.0,-60.899999999999636,0,35,8
1389,11519.8,11513.1,33.75,1,35,8
1390,11501.4,11512.85,-38.850000000000364,2,35,8
1391,11608.35,11609.3,37.79999999999927,3,35,8
1392,11621.6,11602.95,-54.149999999999636,4,35,8
1393,11746.05,11777.55,436.5,0,36,8
1394,11465.75,11464.3,-29.80000000000109,1,36,9
1395,11496.45,11478.55,-64.55000000000109,2,36,9
1396,11552.15,11566.2,30.5,3,36,9
1397,11363.75,11354.4,-3.9500000000007276,4,36,9
1398,11329.85,11359.6,-17.399999999999636,0,37,9
1399,11348.65,11378.55,84.25,1,37,9
1400,11266.05,11218.6,-67.14999999999964,2,37,9
1401,11350.25,11363.3,-91.05000000000109,3,37,9
1402,11491.6,11447.8,-7.050000000001091,4,37,9
1403,11549.15,11540.15,118.04999999999927,0,38,9
1404,11492.35,11487.2,-44.94999999999891,1,38,9
1405,11530.35,11538.45,-61.599999999998545,2,38,9
1406,11559.0,11539.4,20.149999999999636,3,38,9
1407,11558.35,11584.1,68.14999999999964,4,38,9
1408,11518.75,11503.8,282.14999999999964,0,39,9
1409,11183.7,11301.75,126.25,1,39,9
1410,11232.7,11258.75,122.85000000000036,2,39,9
1411,10971.3,11011.0,189.64999999999964,3,39,9
1412,10905.1,10910.4,-125.39999999999964,4,39,9
1413,11120.4,11140.85,-97.5,0,40,9
1414,11285.9,11288.6,65.95000000000073,1,40,9
1415,11210.7,11244.45,18.150000000001455,2,40,9
1416,11376.65,11364.45,-57.94999999999891,3,40,10
1417,11528.5,11487.8,-20.650000000001455,0,41,10
1418,11585.6,11603.45,-56.94999999999891,1,41,10
1419,11644.7,11679.25,-69.45000000000073,2,41,10
1420,11864.55,11835.4,2.25,3,41,10
1421,11864.0,11852.05,-85.95000000000073,4,41,10
1422,11997.1,11973.55,37.349999999998545,0,42,10
1423,11929.45,11934.65,9.399999999999636,1,42,10
1424,11896.25,11917.4,-49.05000000000109,2,42,10
1425,11939.6,12023.45,350.90000000000146,3,42,10
1426,11744.4,11727.4,-42.850000000000364,4,42,10
1427,11832.65,11879.2,0.6000000000003638,0,43,10
1428,11902.7,11861.0,-37.70000000000073,1,43,10
1429,11996.05,11958.55,24.69999999999891,2,43,10
1430,11900.4,11890.0,-12.25,3,43,10
1431,11954.55,11957.9,28.100000000000364,4,43,10
1432,11899.75,11937.4,160.5,0,44,10
1433,11736.3,11807.1,-80.69999999999891,1,44,10
1434,11917.8,11922.6,195.25,2,44,10
1435,11653.05,11633.3,-37.400000000001455,3,44,10
1436,11718.75,11678.45,32.0,4,44,10
1437,11616.1,11697.35,44.600000000000364,0,45,11
1438,11771.3,11734.45,-73.19999999999891,1,45,11
1439,11862.2,11783.35,-110.29999999999927,2,45,11
1440,12042.85,12062.4,-65.20000000000073,3,45,11
1441,12158.15,12156.65,-104.70000000000073,4,45,11
1442,12446.35,12399.4,-68.75,0,46,11
1443,12501.35,12556.4,-83.85000000000036,1,46,11
1444,12748.25,12680.6,-76.60000000000036,2,46,11
1445,12702.6,12702.15,9.149999999999636,3,46,11
1446,12621.7,12659.7,-63.399999999999636,4,46,11
1447,12802.75,12823.35,55.80000000000109,5,46,11
1448,12868.35,12932.5,53.600000000000364,1,47,11
1449,12869.65,12860.1,-76.0,2,47,11
1450,12900.9,12839.5,78.89999999999964,3,47,11
1451,12811.3,12813.4,-32.600000000000364,4,47,11
1452,12916.75,12960.3,32.149999999999636,0,48,11
1453,13018.2,13002.6,-72.94999999999891,1,48,11
1454,13132.9,13130.0,271.2999999999993,2,48,11
1455,12885.75,12906.45,-108.59999999999854,3,48,11
1456,12999.2,13012.05,69.19999999999891,4,48,11
1457,13007.05,13062.2,-35.649999999999636,1,49,12
1458,13099.55,13121.4,17.25,2,49,12
1459,13162.35,13215.3,78.69999999999891,3,49,12
1460,13192.25,13177.4,-93.30000000000109,4,49,12
1461,13287.5,13264.85,-90.35000000000036,0,50,12
1462,13391.55,13393.85,4.550000000001091,1,50,12
1463,13465.4,13458.1,-74.44999999999891,2,50,12
1464,13461.35,13488.5,6.950000000000728,3,50,12
1465,13538.7,13512.3,6.75,4,50,12
1466,13577.7,13571.45,16.600000000000364,0,51,12
1467,13521.9,13547.2,-17.299999999999272,1,51,12
1468,13644.7,13663.1,-9.649999999999636,2,51,12
1469,13694.45,13713.55,-21.30000000000109,3,51,12
1470,13731.5,13764.4,20.299999999999272,4,51,12
1471,13704.45,13741.9,458.5499999999993,0,52,12
1472,13310.2,13373.65,-87.14999999999964,1,52,12
1473,13499.3,13473.5,-135.64999999999964,2,52,12
1474,13704.1,13672.15,-68.25,3,52,12
1475,13860.6,13815.15,-65.85000000000036,0,53,12
1476,13952.8,13910.35,-16.549999999999272,1,53,12
1477,13908.85,13980.9,5.649999999999636,2,53,12
1478,13988.15,13970.0,3.0,3,53,12
1479,14018.2,13996.1,-18.69999999999891,4,53,1
1480,14103.4,14104.35,-39.29999999999927,0,1,1
1481,14108.7,14075.15,-124.14999999999964,1,1,1
1482,14204.2,14240.95,106.90000000000146,2,1,1
1483,14222.1,14253.75,105.29999999999927,3,1,1
1484,14246.0,14258.4,-85.5,4,1,1
1485,14451.35,14474.05,-9.0,0,2,1
1486,14489.65,14473.8,-100.95000000000073,1,2,1
1487,14631.15,14639.8,81.5,2,2,1
1488,14521.55,14550.05,-47.45000000000073,3,2,1
1489,14569.2,14594.35,159.95000000000073,4,2,1
1490,14380.6,14453.3,223.09999999999854,0,3,1
1491,14404.0,14371.65,-154.95000000000073,1,3,1
1492,14577.1,14538.3,-84.15000000000146,2,3,1
1493,14735.4,14730.95,100.55000000000109,3,3,1
1494,14538.45,14583.4,216.60000000000036,4,3,1
1495,14449.25,14477.8,229.84999999999854,0,4,1
1496,14185.85,14237.95,273.7000000000007,2,4,1
1497,13834.4,13810.4,-9.350000000000364,3,4,1
1498,13907.85,13946.6,285.8000000000011,4,4,1
1499,13711.1,13758.6,-576.8500000000004,0,5,2
1500,14642.3,14481.1,-190.10000000000036,1,5,2
1501,14680.45,14754.9,-28.700000000000728,2,5,2
1502,14754.45,14789.05,-100.45000000000073,3,5,2
1503,14974.85,14952.6,11.75,4,5,2
1504,15098.7,15064.3,-65.15000000000146,0,6,2
1505,15173.8,15164.15,54.649999999999636,1,6,2
1506,15094.0,15119.05,-18.75,2,6,2
1507,15115.9,15073.25,-103.39999999999964,3,6,2
1508,15187.1,15186.2,21.5,4,6,2
1509,15307.45,15270.3,-65.5,0,7,2
1510,15420.5,15371.45,53.5,1,7,2
1511,15266.3,15279.9,83.64999999999964,2,7,2
1512,15228.45,15238.7,118.5,3,7,2
1513,15030.75,15074.8,71.34999999999854,4,7,2
1514,15002.1,14999.05,358.14999999999964,0,8,2
1515,14751.45,14782.25,64.45000000000073,1,8,2
1516,14749.95,14729.15,-91.30000000000109,2,8,2
1517,15148.25,15079.85,-23.94999999999891,3,8,2
1518,14900.45,14888.6,365.4500000000007,4,8,2
1519,14680.8,14702.5,-81.64999999999964,0,9,3
1520,14882.5,14865.3,-76.5,1,9,3
1521,15030.85,15064.4,-176.10000000000036,2,9,3
1522,15072.6,15026.75,-60.399999999999636,3,9,3
1523,14997.0,14977.95,14.800000000001091,4,9,3
1524,15042.7,15002.45,39.600000000000364,0,10,3
1525,15092.8,15049.9,-48.80000000000109,1,10,3
1526,15172.0,15202.15,34.0,2,10,3
1527,15302.7,15321.15,297.1999999999989,4,10,3
1528,14917.55,15048.4,127.5,0,11,3
1529,14978.4,14996.1,74.10000000000036,1,11,3
1530,14929.95,14946.55,237.29999999999927,2,11,3
1531,14831.25,14855.5,271.7999999999993,3,11,3
1532,14376.2,14471.15,-262.39999999999964,4,11,3
1533,14679.55,14736.3,-10.850000000000364,0,12,3
1534,14833.85,14768.55,-38.75,1,12,3
1535,14721.75,14712.45,147.5,2,12,3
1536,14448.25,14570.9,224.5,3,12,3
1537,14462.0,14506.3,-12.600000000000364,4,12,3
1538,14676.95,14628.5,-226.5,1,13,3
1539,14727.6,14811.85,118.80000000000109,2,13,3
1540,14789.35,14798.4,-67.55000000000109,3,13,4
1541,14778.75,14837.7,188.65000000000146,0,14,4
1542,14701.8,14737.0,36.20000000000073,1,14,4
1543,14748.6,14716.45,-92.39999999999964,2,14,4
1544,14928.95,14875.65,-1.8500000000003638,3,14,4
1545,14848.85,14882.65,44.600000000000364,4,14,4
1546,14454.75,14644.65,295.0499999999993,0,15,4
1547,14374.9,14364.9,-160.10000000000036,1,15,4
1548,14553.75,14522.4,-67.0,3,15,4
1549,14617.25,14599.6,9.149999999999636,4,15,4
1550,14264.4,14306.6,-56.350000000000364,0,16,4
1551,14504.7,14526.7,247.15000000000146,1,16,4
1552,14218.45,14219.15,-179.5500000000011,3,16,4
1553,14343.45,14326.35,-4.899999999999636,4,16,4
1554,14488.5,14449.45,-39.599999999998545,0,17,4
1555,14519.65,14493.8,-163.5500000000011,1,17,4
1556,14757.35,14710.5,-139.79999999999927,2,17,4
1557,15013.6,14979.0,90.39999999999964,3,17,4
1558,14805.85,14747.35,129.8000000000011,4,17,4
1559,14525.5,14481.05,-163.3000000000011,0,18,5
1560,14669.05,14687.25,180.39999999999964,1,18,5
1561,14546.5,14604.15,-30.850000000000364,2,18,5
1562,14651.5,14668.35,-64.85000000000036,3,18,5
1563,14852.25,14816.85,6.050000000001091,4,18,5
1564,14937.55,14928.25,-21.149999999999636,0,19,5
1565,14827.75,14789.7,-55.79999999999927,1,19,5
1566,14775.1,14823.55,124.79999999999927,2,19,5
1567,14663.35,14749.4,65.54999999999927,4,19,5
1568,14733.65,14756.25,-167.85000000000036,0,20,5
1569,15118.15,15067.2,-42.19999999999891,1,20,5
1570,15102.85,15058.6,39.399999999999636,2,20,5
1571,14979.4,15042.6,122.55000000000109,3,20,5
1572,15017.3,14987.8,-195.75,4,20,5
1573,15213.6,15211.35,27.350000000000364,0,21,5
1574,15275.15,15291.75,73.60000000000036,1,21,5
1575,15215.7,15257.05,-42.650000000001455,2,21,5
1576,15295.95,15323.95,-46.19999999999891,3,21,5
1577,15433.65,15421.2,-34.099999999998545,4,21,5
1578,15393.8,15437.75,-138.25,0,22,5
1579,15640.8,15629.65,61.600000000000364,1,22,6
1580,15502.5,15520.35,-69.64999999999964,2,22,6
1581,15670.95,15655.55,-33.350000000000364,3,22,6
1582,15712.6,15712.5,41.850000000000364,4,22,6
1583,15700.3,15725.1,-21.899999999999636,0,23,6
1584,15741.25,15773.9,32.04999999999927,1,23,6
1585,15756.5,15766.3,126.04999999999927,2,23,6
1586,15678.55,15692.1,-53.04999999999927,3,23,6
1587,15807.9,15796.45,-8.649999999999636,4,23,6
1588,15663.4,15791.4,-18.30000000000109,0,24,6
1589,15883.1,15866.95,7.75,1,24,6
1590,15864.2,15847.5,91.79999999999927,2,24,6
1591,15709.4,15648.3,-33.400000000001455,3,24,6
1592,15727.85,15756.5,36.649999999999636,4,24,6
1593,15576.8,15525.85,-222.75,0,25,6
1594,15863.05,15840.5,75.35000000000036,1,25,6
1595,15803.5,15862.8,169.39999999999964,2,25,6
1596,15744.45,15737.3,-56.400000000001455,3,25,6
1597,15824.65,15839.35,-8.25,4,25,6
1598,15897.1,15915.35,90.35000000000036,0,26,6
1599,15816.8,15807.5,56.100000000000364,1,26,6
1600,15787.75,15776.9,46.25,2,26,6
1601,15717.55,15755.05,61.79999999999927,3,26,7
1602,15674.15,15705.85,-23.149999999999636,4,26,7
1603,15807.5,15793.4,-45.0,0,27,7
1604,15848.85,15813.75,-2.649999999999636,1,27,7
1605,15839.05,15819.6,-59.04999999999927,2,27,7
1606,15875.9,15855.4,127.39999999999964,3,27,7
1607,15654.3,15688.25,-8.799999999999272,4,27,7
1608,15772.4,15766.8,77.29999999999927,0,28,7
1609,15763.55,15794.0,-13.899999999999636,1,28,7
1610,15790.5,15808.7,-36.649999999999636,2,28,7
1611,15885.95,15872.15,-48.55000000000109,3,28,7
1612,15957.95,15958.35,34.75,4,28,7
1613,15825.2,15754.5,-3.399999999999636,0,29,7
1614,15694.05,15703.95,79.45000000000073,1,29,7
1615,15757.05,15736.6,-91.10000000000036,3,29,7
1616,15854.7,15856.8,6.0,4,29,7
1617,15866.1,15849.3,27.849999999998545,0,30,7
1618,15867.4,15860.5,113.29999999999927,1,30,7
1619,15684.9,15761.55,46.899999999999636,2,30,7
1620,15747.3,15762.7,-22.149999999999636,3,30,7
1621,15786.2,15800.6,26.950000000000728,4,30,7
1622,15864.3,15874.9,-12.600000000000364,0,31,8
1623,15932.05,15951.55,-171.85000000000036,1,31,8
1624,16242.95,16195.25,-57.75,2,31,8
1625,16233.5,16288.95,7.150000000001455,3,31,8
1626,16316.1,16304.4,49.69999999999891,4,31,8
1627,16287.4,16281.35,27.25,0,32,8
1628,16317.45,16274.8,6.5,1,32,8
1629,16314.8,16327.3,52.19999999999891,2,32,8
1630,16300.75,16303.65,-57.70000000000073,3,32,8
1631,16438.55,16385.7,-133.79999999999927,4,32,8
1632,16536.5,16518.4,-28.649999999997817,0,33,8
1633,16577.75,16545.25,-60.20000000000073,1,33,8
1634,16685.8,16691.95,141.54999999999927,2,33,8
1635,16462.45,16382.5,-33.150000000001455,4,33,8
1636,16549.8,16592.25,103.95000000000073,0,34,8
1637,16539.5,16561.4,-54.349999999998545,1,34,8
1638,16688.95,16654.0,18.599999999998545,2,34,8
1639,16654.15,16627.95,-4.0,3,34,8
1640,16583.9,16642.55,-49.0,4,34,8
1641,16816.6,16775.85,-162.85000000000218,0,35,8
1642,16972.9,16947.5,-183.84999999999854,1,35,8
1643,17189.1,17185.6,126.84999999999854,2,35,9
1644,17127.55,17095.4,-138.4499999999971,3,35,9
1645,17276.25,17262.45,-58.099999999998545,4,35,9
1646,17415.2,17399.35,19.69999999999709,0,36,9
1647,17362.1,17401.55,44.099999999998545,1,36,9
1648,17336.85,17375.75,5.049999999999272,2,36,9
1649,17339.25,17312.85,-45.25,3,36,9
1650,17309.8,17363.55,12.849999999998545,0,37,9
1651,17418.0,17420.35,38.349999999998545,1,37,9
1652,17415.6,17387.65,-130.64999999999782,2,37,9
1653,17559.55,17539.2,-88.34999999999854,3,37,9
1654,17734.7,17709.65,107.45000000000073,4,37,9
1655,17507.3,17443.85,70.09999999999854,0,38,9
1656,17454.2,17450.5,-113.59999999999854,1,38,9
1657,17552.4,17580.9,32.55000000000291,2,38,9
1658,17689.3,17670.85,-155.45000000000073,3,38,9
1659,17909.95,17897.45,55.900000000001455,4,38,9
1660,17907.9,17932.2,77.10000000000218,0,39,9
1661,17826.8,17906.45,173.0,1,39,9
1662,17644.2,17657.95,-50.599999999998545,2,39,9
1663,17663.15,17718.9,110.25,3,39,9
1664,17506.95,17531.9,5.55000000000291,4,39,10
1665,17619.95,17615.55,-84.95000000000073,0,40,10
1666,17682.8,17661.35,-167.95000000000073,1,40,10
1667,17868.7,17861.5,235.04999999999927,2,40,10
1668,17809.35,17810.55,13.399999999997817,3,40,10
1669,17875.55,17886.85,-20.650000000001455,4,40,10
1670,17896.3,17867.55,-86.15000000000146,0,41,10
1671,17959.05,17915.8,-89.54999999999927,1,41,10
1672,18087.0,18097.85,-67.90000000000146,2,41,10
1673,18276.25,18272.85,-66.20000000000073,3,41,10
1674,18514.45,18500.1,23.849999999998545,0,42,10
1675,18581.6,18602.35,175.09999999999854,1,42,10
1676,18372.25,18439.9,157.15000000000146,2,42,10
1677,18292.45,18382.7,163.10000000000218,3,42,10
1678,18279.15,18230.7,119.20000000000073,4,42,10
1679,18081.15,18229.5,93.0,0,43,10
1680,18235.65,18154.5,-154.45000000000073,1,43,10
1681,18308.5,18295.85,114.34999999999854,2,43,10
1682,18129.75,18187.65,324.75,3,43,10
1683,17702.75,17833.05,124.25,4,43,10
1684,17746.2,17783.15,-162.09999999999854,0,44,11
1685,17973.6,17970.9,81.75,1,44,11
1686,17965.75,17947.95,114.95000000000073,2,44,11
1687,17927.35,17935.05,16.149999999997817,3,44,11
1688,17847.35,18040.2,-40.5,0,45,11
1689,18073.65,18084.35,33.5,1,45,11
1690,17943.9,17973.45,-36.64999999999782,2,45,11
1691,17934.4,17967.45,81.79999999999927,3,45,11
1692,17979.85,17977.6,-121.05000000000291,4,45,11
1693,18174.7,18140.95,48.95000000000073,0,46,11
1694,18091.1,18127.05,162.70000000000073,1,46,11
1695,17963.4,17939.35,52.14999999999782,2,46,11
1696,17883.4,17890.55,145.29999999999927,3,46,11
1697,17632.65,17796.25,356.25,0,47,11
1698,17336.75,17281.75,-213.34999999999854,1,47,11
1699,17553.0,17550.05,192.95000000000073,2,47,11
1700,17383.3,17417.3,-129.70000000000073,3,47,11
1701,17295.65,17338.75,332.2000000000007,4,47,11
1702,16952.85,17055.8,16.099999999998545,0,48,11
1703,17203.5,17051.15,76.0,1,48,11
1704,17183.8,17104.4,-81.54999999999927,2,48,12
1705,17233.85,17183.2,-218.29999999999927,3,48,12
1706,17466.55,17424.9,214.60000000000218,4,48,12
1707,17172.25,17209.05,299.75,0,49,12
1708,17002.3,17044.1,-136.40000000000146,1,49,12
1709,17377.7,17315.25,-152.59999999999854,2,49,12
1710,17431.3,17524.4,21.75,3,49,12
1711,17522.95,17476.05,-23.150000000001455,4,49,12
1712,17633.35,17619.1,234.59999999999854,0,50,12
1713,17306.65,17283.2,-36.29999999999927,1,50,12
1714,17274.15,17323.65,115.35000000000218,2,50,12
1715,17320.15,17373.0,87.40000000000146,3,50,12
1716,17154.85,17276.0,281.9500000000007,4,50,12
1717,16677.75,16824.25,211.25,0,51,12
1718,16789.75,16773.15,-13.75,1,51,12
1719,16873.3,16865.55,-102.54999999999927,2,51,12
1720,17054.25,17066.8,15.450000000000728,3,51,12
1721,17089.85,17149.5,149.59999999999854,4,51,12
1722,16936.85,16937.75,-164.20000000000073,0,52,12
1723,17176.65,17177.6,-55.75,1,52,12
1724,17237.85,17220.1,30.549999999999272,2,52,12
1725,17208.75,17201.45,-27.5,3,52,12
1726,17313.8,17244.5,-119.75,4,52,12
1727,17462.35,17387.15,-248.1999999999971,0,1,1
1728,17691.0,17681.4,-125.94999999999709,1,1,1
1729,17822.1,17820.1,-87.60000000000218,2,1,1
1730,17724.15,17768.5,22.5,3,1,1
1731,17858.7,17797.6,-20.600000000002183,4,1,1
1732,17890.0,17913.3,-92.15000000000146,0,2,1
1733,18027.6,17997.75,-61.25,1,2,1
1734,18150.8,18170.4,-27.19999999999709,2,2,1
1735,18246.3,18257.0,-1.5499999999992724,3,2,1
1736,18183.25,18185.0,-50.5,4,2,1
1737,18256.75,18235.65,-74.04999999999927,0,3,1
1738,18342.45,18337.2,223.40000000000146,1,3,1
1739,18079.55,18129.2,187.75,2,3,1
1740,17875.7,17921.0,138.04999999999927,3,3,1
1741,17554.35,17613.7,-36.75,4,3,1
1742,17472.0,17575.15,462.7000000000007,0,4,1
1743,16978.7,17001.55,-265.75,1,4,1
1744,17016.9,17062.0,-87.29999999999927,3,4,1
1745,17269.15,17208.3,101.95000000000073,4,4,1
1746,17310.8,17301.05,-37.25,0,5,1
1747,17513.65,17529.45,-75.20000000000073,1,5,2
1748,17725.4,17706.2,-85.39999999999782,2,5,2
1749,17740.9,17767.75,247.5,3,5,2
1750,17575.05,17590.2,87.20000000000073,4,5,2
1751,17466.1,17456.3,246.29999999999927,0,6,2
1752,17237.6,17279.85,39.5,1,6,2
1753,17411.1,17370.1,-101.5,2,6,2
1754,17482.8,17554.1,-32.85000000000218,3,6,2
1755,17416.1,17451.0,105.45000000000073,4,6,2
1756,16990.75,17076.15,256.4500000000007,0,7,2
1757,16941.0,16933.25,-418.59999999999854,1,7,2
1758,17392.3,17408.45,115.40000000000146,2,7,2
1759,17365.35,17396.55,116.39999999999782,3,7,2
1760,17284.05,17236.05,-32.70000000000073,4,7,2
1761,17109.1,17192.25,-13.5,0,8,2
1762,16918.45,16847.95,-232.64999999999782,1,8,2
1763,17216.0,17194.5,139.79999999999927,2,8,2
1764,16642.7,16548.9,331.15000000000146,3,8,2
1765,16585.35,16515.65,-153.14999999999782,4,8,2
1766,16372.7,16481.6,-307.8500000000022,0,9,2
1767,16677.5,16593.1,-32.75,2,9,3
1768,16689.1,16723.2,214.45000000000073,3,9,3
1769,16273.15,16339.45,95.90000000000146,4,9,3
1770,15827.1,15867.95,-13.099999999998545,0,10,3
1771,15806.8,15747.75,-266.89999999999964,1,10,3
1772,16119.6,16078.0,-288.89999999999964,2,10,3
1773,16646.0,16757.1,190.79999999999927,3,10,3
1774,16616.95,16528.8,-91.70000000000073,4,10,3
1775,16656.0,16633.7,-252.70000000000073,0,11,3
1776,16904.55,16900.65,255.65000000000146,1,11,3
1777,16928.8,16876.65,-89.69999999999709,2,11,3
1778,17184.55,17202.9,-96.5,3,11,3
1779,17332.1,17329.5,215.65000000000146,0,12,3
1780,17066.2,17120.4,-209.39999999999782,1,12,3
1781,17379.7,17405.05,181.5,2,12,3
1782,17200.15,17094.95,-102.34999999999854,3,12,3
1783,17191.45,17289.0,111.04999999999927,4,12,3
1784,17082.65,17181.85,-32.85000000000218,0,13,3
1785,17287.3,17297.2,-38.54999999999927,1,13,3
1786,17414.5,17468.15,-3.4499999999970896,2,13,3
1787,17491.5,17519.2,50.45000000000073,3,13,3
1788,17467.6,17436.9,-251.4499999999971,4,13,4
1789,17903.25,17809.1,-226.95000000000073,0,14,4
1790,18065.05,18080.6,149.84999999999854,1,14,4
1791,17854.3,17842.75,43.45000000000073,2,14,4
1792,17704.1,17723.3,68.14999999999782,3,14,4
1793,17652.35,17698.15,-102.14999999999782,4,14,4
1794,17684.15,17740.9,61.25,0,15,4
1795,17579.5,17584.85,64.89999999999782,1,15,4
1796,17649.2,17599.9,132.45000000000073,2,15,4
1797,17227.3,17183.45,-2.349999999998545,0,16,4
1798,17201.85,17258.95,389.7999999999993,1,16,4
1799,17086.0,17045.25,-104.34999999999854,2,16,4
1800,17228.7,17234.6,-165.5,3,16,4
1801,17246.45,17242.75,70.65000000000146,4,16,4
1802,16988.15,17009.05,25.849999999998545,0,17,4
1803,17156.45,17121.3,-80.15000000000146,1,17,4
1804,17086.9,17073.35,35.69999999999709,2,17,4
1805,17125.6,17189.5,-41.849999999998545,3,17,4
1806,17324.9,17329.25,217.65000000000146,4,17,4
1807,16945.8,16924.45,-140.25,0,18,5
1808,17065.65,17096.6,401.8999999999978,2,18,5
1809,16824.6,16854.75,185.54999999999927,3,18,5
1810,16439.9,16415.55,-22.700000000000728,4,18,5
1811,16157.9,16227.7,-80.69999999999891,0,19,5
1812,16313.8,16248.9,41.149999999999636,1,19,5
1813,16306.25,16270.05,67.79999999999927,2,19,5
1814,15907.95,16021.1,194.64999999999964,3,19,5
1815,16013.5,15977.0,209.85000000000036,4,19,5
1816,15886.55,15845.1,-19.399999999999636,0,20,5
1817,15966.85,15912.6,-370.0,1,20,5
1818,16368.15,16318.15,61.69999999999891,2,20,5
1819,15943.55,15917.4,88.94999999999891,3,20,5
1820,16112.2,16043.8,-234.90000000000146,4,20,5
1821,16274.75,16290.95,99.30000000000109,0,21,5
1822,16188.9,16225.55,86.04999999999927,1,21,5
1823,16199.65,16196.35,158.5500000000011,2,21,5
1824,16080.65,16105.0,-96.54999999999927,3,21,5
1825,16315.35,16296.6,-59.5,4,21,5
1826,16592.95,16527.9,-140.29999999999927,0,22,5
1827,16543.85,16578.45,0.2000000000007276,1,22,5
1828,16620.25,16594.4,53.60000000000218,2,22,6
1829,16521.5,16481.65,-155.75,3,22,6
1830,16780.35,16761.65,178.0500000000029,4,22,6
1831,16471.4,16530.7,-32.95000000000073,0,23,6
1832,16435.05,16469.6,65.14999999999782,1,23,6
1833,16385.5,16474.95,139.5500000000011,2,23,6
1834,16314.05,16263.85,-217.9499999999989,3,23,6
1835,16265.25,16283.95,92.5,4,23,6
1836,15791.7,15877.55,76.59999999999854,0,24,6
1837,15668.7,15674.25,-67.70000000000073,1,24,6
1838,15701.5,15729.25,46.350000000000364,2,24,6
1839,15831.3,15832.25,484.0499999999993,3,24,6
1840,15208.65,15272.65,-58.100000000000364,4,24,6
1841,15269.1,15334.5,-34.399999999999636,0,25,6
1842,15438.7,15455.95,-178.1999999999989,1,25,6
1843,15482.7,15545.65,144.54999999999927,2,25,6
1844,15501.0,15451.55,-126.0,3,25,6
1845,15701.2,15657.4,-41.55000000000109,4,25,6
1846,15901.9,15926.2,90.10000000000036,0,26,6
1847,15725.55,15757.45,-125.54999999999927,1,26,6
1848,15717.4,15701.7,-81.64999999999964,2,26,6
1849,15852.95,15774.5,38.600000000000364,3,26,6
1850,15689.3,15703.7,-60.29999999999927,4,26,7
1851,15741.8,15710.5,-118.64999999999964,0,27,7
1852,15921.9,15909.15,109.19999999999891,1,27,7
1853,15899.35,15818.2,-189.64999999999964,2,27,7
1854,16078.45,16113.75,-23.100000000000364,3,27,7
1855,16188.05,16273.65,56.149999999999636,4,27,7
1856,16140.0,16136.15,-62.899999999999636,0,28,7
1857,16140.5,16126.2,88.45000000000073,1,28,7
1858,16119.0,16128.2,152.45000000000073,2,28,7
1859,16005.4,16018.85,70.89999999999964,3,28,7
1860,15986.45,16010.8,-42.05000000000109,4,28,7
1861,16172.4,16151.4,-130.0,0,29,7
1862,16257.7,16187.05,-142.25,1,29,7
1863,16528.5,16562.8,67.0,2,29,7
1864,16515.1,16523.55,-86.25,3,29,7
1865,16701.6,16661.25,-53.04999999999927,4,29,7
1866,16677.4,16662.55,52.5,0,30,7
1867,16557.7,16632.9,166.35000000000218,1,30,7
1868,16446.4,16475.35,-167.40000000000146,2,30,7
1869,16781.05,16774.85,-147.20000000000073,3,30,7
1870,17101.05,17079.5,-78.45000000000073,4,30,7
1871,17222.75,17243.2,-89.09999999999854,0,31,8
1872,17322.15,17310.15,15.30000000000291,1,31,8
1873,17357.6,17349.25,-43.650000000001455,2,31,8
1874,17460.35,17463.1,99.09999999999854,3,31,8
1875,17446.2,17423.65,34.60000000000218,4,31,8
1876,17421.95,17401.5,-126.34999999999854,0,32,8
1877,17526.85,17566.1,42.349999999998545,2,32,8
1878,17673.9,17711.65,73.0,3,32,8
1879,17606.2,17659.65,-39.0,4,32,8
1880,17801.5,17797.2,-31.099999999998545,1,33,8
1881,17880.25,17868.15,-62.79999999999927,2,33,8
1882,17874.85,17898.65,-65.79999999999927,3,33,8
1883,17963.1,17966.55,239.59999999999854,4,33,8
1884,17622.85,17682.9,188.5500000000029,0,34,8
1885,17482.2,17357.35,-266.0,1,34,8
1886,17574.25,17525.45,-82.09999999999854,2,34,8
1887,17694.25,17679.0,170.79999999999927,3,34,8
1888,17664.55,17619.3,36.39999999999782,4,34,8
1889,17242.7,17188.65,-150.4499999999971,0,35,8
1890,17454.95,17414.95,-329.25,1,35,8
1891,17556.45,17485.7,-77.54999999999927,3,35,9
1892,17568.8,17598.4,70.55000000000291,4,35,9
1893,17594.7,17546.45,-107.45000000000073,0,36,9
1894,17722.5,17695.7,44.10000000000218,1,36,9
1895,17569.95,17519.4,-110.09999999999854,2,36,9
1896,17774.5,17748.15,-51.94999999999709,3,36,9
1897,17891.95,17923.35,94.04999999999927,4,36,9
1898,17915.25,17890.85,-40.75,0,37,9
1899,18038.0,18044.45,-22.049999999999272,1,37,9
1900,17916.85,17771.15,-229.5,2,37,9
1901,18074.65,18046.35,174.04999999999927,3,37,9
1902,17783.1,17796.8,246.70000000000073,4,37,9
1903,17465.5,17540.65,-91.19999999999709,0,38,9
1904,17811.35,17770.4,-20.849999999998545,1,38,9
1905,17833.15,17766.35,50.44999999999709,2,38,9
1906,17660.55,17609.65,-26.299999999999272,3,38,9
1907,17541.95,17593.85,261.59999999999854,4,38,9
1908,17155.9,17156.3,128.45000000000073,0,39,9
1909,17146.1,17110.9,67.45000000000073,1,39,9
1910,16883.35,16870.55,44.39999999999782,2,39,9
1911,16970.55,16993.6,150.6999999999971,3,39,9
1912,16783.75,16798.05,-309.15000000000146,4,39,9
1913,17039.45,17102.1,226.09999999999854,0,40,10
1914,17215.7,17147.45,-130.0,1,40,10
1915,17394.6,17379.25,62.25,3,40,10
1916,17267.7,17287.2,-28.950000000000728,4,40,10
1917,17122.1,17094.35,-158.10000000000218,0,41,10
1918,17191.05,17256.05,291.8999999999978,1,41,10
1919,17052.25,17025.55,-103.5,2,41,10
1920,17087.6,17087.35,69.54999999999927,3,41,10
1921,17291.4,17322.3,121.95000000000073,4,41,10
1922,17125.4,17144.8,-175.75,0,42,10
1923,17478.5,17438.75,-51.849999999998545,1,42,10
1924,17560.2,17568.15,49.30000000000291,2,42,10
1925,17445.9,17423.1,-142.15000000000146,3,42,10
1926,17645.1,17622.85,39.099999999998545,4,42,10
1927,17740.7,17736.35,-2.600000000002183,0,43,10
1928,17740.3,17808.3,165.64999999999782,1,43,10
1929,17766.0,17771.4,12.5,3,43,10
1930,17795.3,17756.4,-39.54999999999927,4,43,10
1931,17951.9,17910.2,-105.5,0,44,10
1932,18119.95,18130.7,-12.049999999999272,1,44,11
1933,18134.2,18177.9,105.80000000000291,2,44,11
1934,18037.6,17968.35,-79.70000000000073,3,44,11
1935,18084.25,18053.4,-74.5,4,44,11
1936,18199.7,18211.75,8.400000000001455,0,45,11
1937,18232.65,18288.25,167.20000000000073,2,45,11
1938,18061.0,18044.35,7.549999999999272,3,45,11
1939,18297.55,18272.35,-82.95000000000073,4,45,11
1940,18385.65,18376.4,56.150000000001455,0,46,11
1941,18330.7,18362.75,-58.79999999999927,1,46,11
1942,18368.45,18398.25,-3.099999999998545,2,46,11
1943,18386.0,18358.7,24.75,3,46,11
1944,18326.2,18382.95,78.60000000000218,4,46,11
1945,18174.05,18246.4,88.45000000000073,0,47,11
1946,18153.5,18179.15,-72.34999999999854,1,47,11
1947,18298.35,18325.2,71.10000000000218,2,47,11
1948,18304.05,18326.1,-184.75,3,47,11
1949,18478.7,18528.45,30.049999999999272,4,47,11
1950,18520.35,18430.55,-122.85000000000218,0,48,11
1951,18623.2,18552.45,-51.14999999999782,1,48,11
1952,18654.2,18625.7,-151.25,2,48,11
1953,18855.0,18871.95,71.0,3,48,12
1954,18728.15,18752.4,47.20000000000073,4,48,12
1955,18653.8,18719.55,25.5,0,49,12
1956,18608.7,18600.65,-47.14999999999782,1,49,12
1957,18620.0,18638.85,88.09999999999854,2,49,12
1958,18571.3,18570.85,-43.55000000000291,3,49,12
1959,18625.7,18662.4,169.15000000000146,4,49,12
1960,18354.95,18402.15,-92.54999999999927,0,50,12
1961,18533.95,18524.4,-72.34999999999854,1,50,12
1962,18674.6,18671.25,28.25,2,50,12
1963,18610.6,18614.4,214.65000000000146,3,50,12
1964,18404.6,18319.1,49.0,4,50,12
1965,18280.05,18288.1,-138.10000000000218,0,51,12
1966,18295.1,18340.3,-45.54999999999927,1,51,12
1967,18453.4,18435.15,227.60000000000218,2,51,12
1968,18200.9,18288.8,174.09999999999854,3,51,12
1969,17977.95,17977.65,153.5500000000029,4,51,12
1970,17904.2,17830.4,-179.1999999999971,0,52,12
1971,18062.85,18089.8,-46.20000000000073,1,52,12
1972,18089.8,18084.75,-22.150000000001455,2,52,12
1973,18056.3,18045.7,-164.70000000000073,3,52,12
1974,18252.3,18259.1,142.04999999999927,4,52,12
1975,18101.85,18131.7,-75.39999999999782,0,1,1
1976,18161.1,18163.2,-71.09999999999854,1,1,1
1977,18233.4,18230.65,193.8000000000029,2,1,1
1978,18074.8,18101.95,102.15000000000146,3,1,1
1979,17990.0,18008.05,142.20000000000073,4,1,1
1980,17987.15,17952.55,-136.20000000000073,0,2,1
1981,18028.3,18121.3,195.95000000000073,1,2,1
1982,17843.4,17924.25,35.849999999998545,2,2,1
1983,17904.0,17920.85,54.849999999998545,3,2,1
1984,17803.6,17867.5,-83.0,4,2,1
1985,17997.65,18033.15,141.45000000000073,0,3,1
1986,17946.0,17922.8,-134.0,1,3,1
1987,18067.55,18074.3,-89.5,2,3,1
1988,18082.05,18119.8,30.75,3,3,1
1989,18087.45,18115.6,88.29999999999927,4,3,1
1990,18097.7,18118.45,13.5,0,4,1
1991,18175.45,18183.95,82.79999999999927,1,4,1
1992,18043.7,18093.35,183.29999999999927,2,4,1
1993,17738.35,17877.2,269.2999999999993,4,4,1
1994,17677.3,17541.95,-125.29999999999927,0,5,1
1995,17614.1,17731.45,48.900000000001455,1,5,1
1996,17783.25,17811.6,206.1999999999971,2,5,2
1997,17564.45,17517.1,-94.65000000000146,3,5,2
1998,17686.6,17721.75,-109.04999999999927,4,5,2
1999,17751.6,17818.55,57.349999999998545,0,6,2
2000,17789.7,17790.1,69.69999999999709,1,6,2
